OBJECTID,Case Number,Crime Type,Crime Type Extension,Reported Date,Address,zip
1211117,2020-93162           ,BATTERY,BATTERY-SIMPLE,02/04/2020,800 BLOCK WALKER DR,33613
1211130,2020-1500124         ,MISCHIEF,CRIMINAL MISCHIEF MISDEMEANOR,02/04/2020,3500 BLOCK JEFFERSON COMMONS DR,33613
1211295,2020-93396           ,BATTERY,BATTERY-SIMPLE,02/04/2020,14200 BLOCK NEBRASKA AV N,33613
1211338,2020-94817           ,TRAFFIC,Non Incapacitating Injury,02/05/2020,BEARSS AV W  /  NORTHWOOD VLG LN,33613
1211385,2020-95173           ,THEFT,SHOPLIFTING,02/05/2020,13600 BLOCK UNIVERSITY PZ,33613
1211409,2020-93942           ,DUI,DUI (DRIVING UNDER INFLUENCE),02/05/2020,FLETCHER AV E  /  USF GENSHAFT DR,33613
1211431,2020-94397           ,DRUGS,DRUGS/NARCOTICS,02/05/2020,15300 BLOCK NEBRASKA AV N,33613
1211432,2020-94397           ,DRUGS,DRUG PARAPHERNALIA,02/05/2020,15300 BLOCK NEBRASKA AV N,33613
1211433,2020-94397           ,FRAUD,FRAUD-OTHER,02/05/2020,15300 BLOCK NEBRASKA AV N,33613
1211463,2020-94041           ,DUI,DUI (DRIVING UNDER INFLUENCE),02/05/2020,13800 BLOCK 20TH ST N,33613
1211568,2020-94882           ,FRAUD,FRAUD-OTHER,02/05/2020,15300 BLOCK NEBRASKA AV N,33613
1211593,2020-97416           ,THEFT,THEFT MOTOR VEHICLE PARTS,02/06/2020,14400 BLOCK 19TH ST N,33613
1211620,2020-97766           ,THEFT,PETIT THEFT - ALL OTHER,02/06/2020,14700 BLOCK 42ND ST N,33613
1211641,2020-98268           ,FRAUD,FRAUD-OTHER,02/06/2020,15300 BLOCK NEBRASKA AV N,33613
1211661,2020-98380           ,DRUGS,DRUGS/NARCOTICS,02/06/2020,13700 BLOCK 19TH ST N,33613
1211678,2020-99633           ,THEFT,PETIT THEFT - ALL OTHER,02/06/2020,13700 BLOCK SUSAN KAY DR,33613
1211742,2020-1500136         ,FRAUD,FRAUD-SWINDLE,02/06/2020,15300 BLOCK NEBRASKA AV N,33613
1211746,2020-98230           ,FRAUD,FRAUD-OTHER,02/06/2020,15300 BLOCK NEBRASKA AV N,33613
1211762,2020-097107          ,TRAFFIC,Property Damage,02/06/2020,BRUCE B DOWNS BL  /  GRAND PAVILION DR,33613
1211773,2020-097472          ,TRAFFIC,Non Incapacitating Injury,02/06/2020,SKIPPER RD  /  BRUCE B DOWNS BL,33613
1211803,2020-99555           ,MISCHIEF,CRIMINAL MISCHIEF FELONY,02/06/2020,15400 BLOCK FLORIDA AV N,33613
1211848,2020-101425          ,TRAFFIC,Property Damage,02/07/2020,FLETCHER AV E  /  42ND ST N,33613
1211851,2020-101178          ,TRAFFIC,Property Damage,02/07/2020,SKIPPER RD  /  42ND ST N,33613
1211920,2020-101578          ,THEFT,SHOPLIFTING,02/07/2020,15300 BLOCK NEBRASKA AV N,33613
1211936,2020-101879          ,THEFT,SHOPLIFTING,02/07/2020,13500 BLOCK FLORIDA AV N,33613
1211964,2020-100179          ,THEFT,THEFT VEHICLE & OTHER MOBILE,02/07/2020,13800 BLOCK PINE CONE CT,33613
1212026,2020-102097          ,BATTERY,BATTERY-SIMPLE,02/07/2020,14200 BLOCK CYBER PL,33613
1212114,2020-1500145         ,THEFT,SHOPLIFTING,02/08/2020,15300 BLOCK NEBRASKA AV N,33613
1212115,2020-103574          ,THEFT,THEFT MOTOR VEHICLE PARTS,02/08/2020,14000 BLOCK NEBRASKA AV N,33613
1212136,2020-102599          ,BATTERY,BATTERY-SIMPLE,02/08/2020,13800 BLOCK 21ST ST N,33613
1212148,2020-1500147         ,THEFT,SHOPLIFTING,02/08/2020,15300 BLOCK NEBRASKA AV N,33613
1212163,2020-103243          ,FRAUD,FRAUD-SWINDLE,02/08/2020,15300 BLOCK NEBRASKA AV N,33613
1212177,2020-104403          ,ROBBERY,PERSON - ROBBERY,02/08/2020,138TH AV E  /  20TH ST N,33613
1212240,2020-102687          ,BURGLARY,CURTILAGE WITH THEFT,02/08/2020,800 BLOCK WALKER DR,33613
1212346,2020-105530          ,THEFT,THEFT MOTOR VEHICLE PARTS,02/09/2020,14000 BLOCK HALSTEAD CT,33613
1212352,2020-105854          ,THEFT,SHOPLIFTING,02/09/2020,15300 BLOCK NEBRASKA AV N,33613
1212380,2020-106838          ,BATTERY,BATTERY-SIMPLE,02/09/2020,14300 BLOCK LUCERNE DR,33613
1212401,2020-106362          ,BATTERY,BATTERY-SIMPLE,02/09/2020,2400 BLOCK CEDAR TRACE CR,33613
1212440,2020-107045          ,BATTERY,BATTERY-SIMPLE,02/10/2020,14300 BLOCK HANGING MOSS CR,33613
1212447,2020-108404          ,BATTERY,BATTERY-SIMPLE,02/10/2020,14400 BLOCK CARIBBEAN BREEZE DR,33613
1212461,2020-108586          ,MISCHIEF,CRIMINAL MISCHIEF MISDEMEANOR,02/10/2020,3800 BLOCK GAZEBO POND LN,33613
1212468,2020-109079          ,THEFT,SHOPLIFTING,02/10/2020,15300 BLOCK NEBRASKA AV N,33613
1212498,2020-109141          ,DRUGS,DRUGS/NARCOTICS,02/10/2020,300 BLOCK WINDWOOD OAKS DR,33613
1212499,2020-109141          ,DRUGS,DRUG PARAPHERNALIA,02/10/2020,300 BLOCK WINDWOOD OAKS DR,33613
1212544,2020-109007          ,DRUGS,DRUG TRAFFICKING/DELIVERY,02/10/2020,14900 BLOCK BRUCE B DOWNS BL,33613
1212606,2020-57417           ,TRAFFIC,Non Incapacitating Injury,02/10/2020,BRUCE B DOWNS BL / 42ND ST N,33613
1212614,2020-109232          ,TRAFFIC,Property Damage,02/10/2020,BEARSS AV W  /  PHILMORE RD,33613
1212638,2020-108770          ,TRAFFIC,Property Damage,02/10/2020,BEARSS AV E  /  18TH ST N,33613
1212639,2020-109004          ,TRAFFIC,Property Damage,02/10/2020,FLETCHER AV E  /  USF PALM DR,33613
1212654,2020-107676          ,DRUGS,DRUGS/NARCOTICS,02/10/2020,800 BLOCK BEARSS AV W,33613
1212655,2020-107676          ,DRUGS,DRUG PARAPHERNALIA,02/10/2020,800 BLOCK BEARSS AV W,33613
1212680,2020-108006          ,FRAUD,FRAUD-SWINDLE,02/10/2020,3100 BLOCK FLETCHER AV E,33613
1212731,2020-112177          ,TRAFFIC,Property Damage,02/11/2020,BRUCE B DOWNS BL  /  138TH AV E,33613
1212745,2020-112535          ,TRAFFIC,Non Incapacitating Injury,02/11/2020,46TH ST N  /  ABBOTT DR,33613
1212748,2020-112187          ,TRAFFIC,Property Damage,02/11/2020,BEARSS AV W  /  FLORIDA AV N,33613
1212749,2020-112667          ,TRAFFIC,Property Damage,02/11/2020,42ND ST N  /  CAMBRIDGE WOODS DR,33613
1212805,2020-111608          ,THEFT,THEFT OF BICYCLE,02/11/2020,4000 BLOCK ROCKY CR,33613
1212839,2020-110158          ,BURGLARY,BURGLARY RESIDENCE / NO FORCE,02/11/2020,4000 BLOCK ROCKY CR,33613
1212931,2020-112750          ,THEFT,SHOPLIFTING,02/11/2020,13600 BLOCK UNIVERSITY PZ,33613
1212962,2020-110719          ,MISCHIEF,CRIMINAL MISCHIEF MISDEMEANOR,02/11/2020,2200 BLOCK BEARSS AV E,33613
1213023,2020-115812          ,THEFT,PETIT THEFT - ALL OTHER,02/12/2020,ORANGE AV E  /  SUMMIT AV,33613
1213036,2020-114527          ,FRAUD,FRAUD-OTHER,02/12/2020,16000 BLOCK LAKESHORE VILLA DR,33613
1213048,2020-115448          ,THEFT,SHOPLIFTING,02/12/2020,1900 BLOCK BEARSS AV E,33613
1213070,2020-114501          ,FRAUD,FRAUD-SWINDLE,02/12/2020,13500 BLOCK NEBRASKA AV N,33613
1213149,2020-113630          ,TRAFFIC,Property Damage,02/12/2020,BEARSS AV E  /  22ND ST N,33613
1213162,2020-113064          ,TRAFFIC,Property Damage,02/12/2020,BEARSS AV W  /  BOULEVARD N,33613
1213188,2020-113790          ,TRAFFIC,Property Damage,02/12/2020,BRUCE B DOWNS BL  /  LAKESIDE COMMONS DR,33613
1213191,2020-114384          ,TRAFFIC,Property Damage,02/12/2020,FLETCHER AV E  /  42ND ST N,33613
1213196,2020-115248          ,TRAFFIC,Property Damage,02/12/2020,BEARSS AV E  /  30TH ST N,33613
1213253,2020-114876          ,DRUGS,DRUGS/NARCOTICS,02/12/2020,JUSTICE DR  /  SYLVIA LN,33613
1213254,2020-114876          ,DRUGS,DRUG PARAPHERNALIA,02/12/2020,JUSTICE DR  /  SYLVIA LN,33613
1213267,2020-118553          ,TRAFFIC,Non Incapacitating Injury,02/13/2020,BEARSS AV E  /  LIVINGSTON AV,33559
1213281,2020-118719          ,TRAFFIC,Non Incapacitating Injury,02/13/2020,140TH AV E  /  22ND ST N,33613
1213285,2020-118004          ,TRAFFIC,Property Damage,02/13/2020,BRUCE B DOWNS BL  /  LAKE FOREST DR,33613
1213318,2020-117891          ,TRAFFIC,Non Incapacitating Injury,02/13/2020,BRUCE B DOWNS BL  /  GRAND PAVILION DR,33613
1213319,2020-117772          ,TRAFFIC,Property Damage,02/13/2020,BEARSS AV E  /  NEBRASKA AV N,33549
1213329,2020-117128          ,MISCHIEF,CRIMINAL MISCHIEF MISDEMEANOR,02/13/2020,1900 BLOCK GREGORY DR,33613
1213360,2020-117596          ,DRUGS,DRUGS/NARCOTICS,02/13/2020,143RD AV E  /  15TH ST N,33613
1213509,2020-117737          ,MISCHIEF,CRIMINAL MISCHIEF MISDEMEANOR,02/13/2020,14200 BLOCK ISOBA CT,33613
1213544,2020-119643          ,MISCHIEF,CRIMINAL MISCHIEF MISDEMEANOR,02/14/2020,13600 BLOCK 22ND ST N,33613
1213548,2020-119045          ,THEFT,THEFT FROM A BUILDING,02/14/2020,14600 BLOCK BRUCE B DOWNS BL,33613
1213601,2020-121605          ,BATTERY,BATTERY-SIMPLE,02/14/2020,13900 BLOCK 19TH ST N,33613
1213697,2020-121001          ,TRAFFIC,Property Damage,02/14/2020,BRUCE B DOWNS BL  /  COVE BEND DR,33613
1213721,2020-119824          ,TRAFFIC,Property Damage,02/14/2020,BRUCE B DOWNS BL  /  BEARSS AV E,33613
1213755,2020-121738          ,MISCHIEF,CRIMINAL MISCHIEF MISDEMEANOR,02/14/2020,14300 BLOCK LUCERNE DR,33613
1213765,2020-1500190         ,THEFT,SHOPLIFTING,02/14/2020,15300 BLOCK NEBRASKA AV N,33613
1213768,2020-119540          ,MISCHIEF,CRIMINAL MISCHIEF MISDEMEANOR,02/14/2020,13500 BLOCK CECELIA AV,33613
1213776,2020-120366          ,FRAUD,FRAUD-OTHER,02/14/2020,15300 BLOCK NEBRASKA AV N,33613
1213810,2020-123983          ,TRAFFIC,Non Incapacitating Injury,02/15/2020,42ND ST N  /  FLETCHER AV E,33613
1213812,2020-124032          ,TRAFFIC,Non Incapacitating Injury,02/15/2020,138TH AV E  /  37TH ST N,33613
1213832,2020-123777          ,THEFT,PETIT THEFT - ALL OTHER,02/15/2020,1400 BLOCK 137TH AV E,33613
1213912,2020-122962          ,THEFT,THEFT OF BICYCLE,02/15/2020,4100 BLOCK ASHFORD GREEN PL,33613
1213932,2020-122104          ,DUI,DUI (DRIVING UNDER INFLUENCE),02/15/2020,I275 N  /  BEARSS I275 N RP,33613
1213972,2020-123436          ,MISCHIEF,CRIMINAL MISCHIEF MISDEMEANOR,02/15/2020,14200 BLOCK PALM CT,33613
1213974,2020-124012          ,DRUGS,DRUGS/NARCOTICS,02/15/2020,13900 BLOCK 19TH ST N,33613
1214038,2020-125994          ,BATTERY,BATTERY-SIMPLE,02/16/2020,1800 BLOCK 138TH AV E,33613
1214066,2020-125164          ,FRAUD,FRAUD-SWINDLE,02/16/2020,15300 BLOCK NEBRASKA AV N,33613
1214082,2020-124325          ,ROBBERY,PERSON - ROBBERY,02/16/2020,1200 BLOCK SAND LAKE CR,33613
1214086,2020-125028          ,TRAFFIC,Property Damage,02/16/2020,FLETCHER AV E  /  42ND ST N,33613
1214107,2020-126426          ,TRAFFIC,Property Damage,02/16/2020,BRUCE B DOWNS BL  /  BEARSS AV E,33613
1214108,2020-126248          ,TRAFFIC,Non Incapacitating Injury,02/16/2020,139TH AV E  /  19TH ST N,33613
1214138,2020-125486          ,MISCHIEF,CRIMINAL MISCHIEF MISDEMEANOR,02/16/2020,14500 BLOCK PRISM CR,33613
1214156,2020-128761          ,TRAFFIC,Property Damage,02/17/2020,BEARSS AV E  /  22ND ST N,33613
1214167,2020-128046          ,TRAFFIC,Non Incapacitating Injury,02/17/2020,BRUCE B DOWNS BL  /  42ND ST N,33613
1214185,2020-128793          ,TRAFFIC,Non Incapacitating Injury,02/17/2020,BEARSS AV E  /  PRISM CR,33613
1214236,2020-129050          ,BATTERY,BATTERY-SIMPLE,02/17/2020,4000 BLOCK DREAM OAK PL,33613
1214287,2020-127237          ,FRAUD,FRAUD-OTHER,02/17/2020,14700 BLOCK BANYAN BLUFF DR,33613
1214304,2020-126693          ,BATTERY,BATTERY-SIMPLE,02/17/2020,1400 BLOCK SAND LAKE CR,33613
1214349,2020-128896          ,FRAUD,FRAUD-CREDIT CARD,02/17/2020,14900 BLOCK FLORIDA AV N,33613
1214351,2020-129022          ,BATTERY,BATTERY-SIMPLE,02/17/2020,2500 BLOCK BEARSS AV E,33613
1214484,2020-132050          ,DRUGS,DRUGS/NARCOTICS,02/18/2020,13700 BLOCK 19TH ST N,33613
1214544,2020-131657          ,FRAUD,FRAUD-SWINDLE,02/18/2020,15300 BLOCK NEBRASKA AV N,33613
1214578,2020-132248          ,TRAFFIC,Non Incapacitating Injury,02/18/2020,FLETCHER AV E  /  USF MAGNOLIA DR,33613
1214587,2020-131015          ,TRAFFIC,Property Damage,02/18/2020,BRUCE B DOWNS BL  /  COVE BEND DR,33613
1214600,2020-130678          ,TRAFFIC,Property Damage,02/18/2020,FLETCHER AV E  /  USF LAUREL DR,33613
1214662,2020-134252          ,TRAFFIC,Property Damage,02/19/2020,BEARSS AV E  /  SEAFORD CR,33613
1214663,2020-134964          ,TRAFFIC,Property Damage,02/19/2020,BRUCE B DOWNS BL  /  COVE BEND DR,33613
1214732,2020-134608          ,BATTERY,BATTERY-SIMPLE,02/19/2020,14000 BLOCK NEPHI PL,33613
1214752,2020-133585          ,BURGLARY,BURGLARY RESIDENCE / NO FORCE,02/19/2020,14200 BLOCK 19TH ST N,33613
1214759,2020-133241          ,BURGLARY,CURTILAGE WITH THEFT,02/19/2020,1000 BLOCK BRIARWOOD AV,33613
1214762,2020-134014          ,BATTERY,BATTERY-SIMPLE,02/19/2020,14200 BLOCK 12TH ST N,33613
1214791,2020-133433          ,THEFT,THEFT VEHICLE & OTHER MOBILE,02/19/2020,13800 BLOCK SANDY HILL LP,33613
1214814,2020-133906          ,BATTERY,BATTERY-SIMPLE,02/19/2020,2600 BLOCK BANYAN CT,33613
1214823,2020-135115          ,THEFT,SHOPLIFTING,02/19/2020,13600 BLOCK UNIVERSITY PZ,33613
1214837,2020-132694          ,ROBBERY,PERSON - ROBBERY,02/19/2020,14300 BLOCK 22ND ST N,33613
1214879,2020-135260          ,MISCHIEF,CRIMINAL MISCHIEF MISDEMEANOR,02/19/2020,2200 BLOCK 138TH AV E,33613
1214883,2020-135169          ,MISCHIEF,CRIMINAL MISCHIEF MISDEMEANOR,02/19/2020,1800 BLOCK 139TH AV E,33613
1214886,2020-135915          ,THEFT,THEFT VEHICLE & OTHER MOBILE,02/20/2020,3800 BLOCK ELM LEAF,33613
1214937,2020-136323          ,THEFT,THEFT OF BICYCLE,02/20/2020,14400 BLOCK 18TH ST N,33613
1214958,2020-136605          ,THEFT,THEFT MOTOR VEHICLE PARTS,02/20/2020,1400 BLOCK 137TH AV E,33613
1214975,2020-136457          ,THEFT,SHOPLIFTING,02/20/2020,15300 BLOCK NEBRASKA AV N,33613
1214993,2020-137178          ,DRUGS,DRUGS/NARCOTICS,02/20/2020,140TH AV E  /  12TH ST N,33613
1215043,2020-137252          ,TRAFFIC,Non Incapacitating Injury,02/20/2020,BEARSS AV W  /  HARDY DR W,33613
1215052,2020-136805          ,TRAFFIC,Property Damage,02/20/2020,BEARSS AV E  /  LIVINGSTON AV,33559
1215055,2020-137923          ,TRAFFIC,Property Damage,02/20/2020,FLETCHER AV E  /  USF MAGNOLIA DR,33613
1215125,2020-139708          ,TRAFFIC,Property Damage,02/21/2020,BEARSS AV E  /  30TH ST N,33613
1215126,2020-139976          ,TRAFFIC,Property Damage,02/21/2020,BRUCE B DOWNS BL  /  138TH AV E,33613
1215137,2020-140209          ,TRAFFIC,Property Damage,02/21/2020,BEARSS AV E  /  BRUCE B DOWNS BL,33613
1215314,2020-141320          ,DUI,DUI (DRIVING UNDER INFLUENCE),02/22/2020,NEBRASKA AV N  /  BEARSS AV E,33549
1215336,2020-141919          ,FRAUD,FRAUD-SWINDLE,02/22/2020,15300 BLOCK NEBRASKA AV N,33613
1215388,2020-141460          ,BURGLARY,BURGLARY WITH ASSAULT/BATTERY,02/22/2020,13800 BLOCK KAPOK CT,33613
1215429,2020-141994          ,TRAFFIC,Incapacitating,02/22/2020,42ND ST N  /  BRUCE B DOWNS BL,33613
1215466,2020-144806          ,TRAFFIC,Non Incapacitating Injury,02/23/2020,FLETCHER AV E  /  42ND ST N,33613
1215477,2020-143886          ,TRAFFIC,Non Incapacitating Injury,02/23/2020,22ND ST N  /  CEDAR TRACE CR,33613
1215509,2020-145275          ,ROBBERY,PERSON - ROBBERY,02/23/2020,1200 BLOCK SAND LAKE CR,33613
1215548,2020-143817          ,FRAUD,FRAUD-SWINDLE,02/23/2020,1500 BLOCK 142ND AV E,33613
1215605,2020-144395          ,BATTERY,BATTERY-SIMPLE,02/23/2020,3600 BLOCK PALM CROSSING DR,33613
1215618,2020-145094          ,THEFT,SHOPLIFTING,02/23/2020,13600 BLOCK UNIVERSITY PZ,33613
1215625,2020-145582          ,BATTERY,BATTERY-SIMPLE,02/23/2020,14900 BLOCK FLORIDA AV N,33613
1215663,2020-146152          ,THEFT,THEFT OF BICYCLE,02/24/2020,1200 BLOCK SAND LAKE CR,33613
1215668,2020-147919          ,DRUGS,DRUG TRAFFICKING/DELIVERY,02/24/2020,400 BLOCK BEARSS AV E,33613
1215710,2020-146418          ,FRAUD,FRAUD-OTHER,02/24/2020,13700 BLOCK 19TH ST N,33613
1215722,2020-146061          ,MISCHIEF,CRIMINAL MISCHIEF MISDEMEANOR,02/24/2020,2700 BLOCK BEARSS AV E,33613
1215733,2020-147267          ,ROBBERY,PERSON - ROBBERY,02/24/2020,14900 BLOCK FLORIDA AV N,33613
1215754,2018-714587          ,TRAFFIC,Incapacitating,02/24/2020,BEARSS AV E  /  BRUCE B DOWNS BL,33613
1215796,2020-147232          ,THEFT,SHOPLIFTING,02/24/2020,15300 BLOCK NEBRASKA AV N,33613
1215812,2019-912965          ,TRAFFIC,Non Incapacitating Injury,02/24/2020,BEARSS AV W / HAVEN BN,33613
1215815,2020-148246          ,TRAFFIC,Property Damage,02/24/2020,FLETCHER AV E  /  42ND ST N,33613
1215820,2020-147759          ,TRAFFIC,Property Damage,02/24/2020,SKIPPER RD  /  BRUCE B DOWNS BL,33613
1215859,2020-146150          ,BURGLARY,THEFT FROM A VEHICLE,02/24/2020,2900 BLOCK LAKESIDE COMMONS DR,33613
1215893,2020-146764          ,BATTERY,BATTERY-SIMPLE,02/24/2020,18TH ST N  /  143RD AV E,33613
1215935,2020-150800          ,TRAFFIC,Property Damage,02/25/2020,BOULEVARD N  /  BEARSS AV W,33613
1215936,2020-150912          ,TRAFFIC,Non Incapacitating Injury,02/25/2020,CENTRAL AV N  /  CELESTIAL OAKS DR,33613
1215968,2020-150723          ,BURGLARY,BURGLARY RESIDENCE / FORCED,02/25/2020,2200 BLOCK SPRING GLADE CR N,33613
1215997,2020-151272          ,FRAUD,FRAUD-SWINDLE,02/25/2020,15300 BLOCK NEBRASKA AV N,33613
1216003,2020-150689          ,THEFT,SHOPLIFTING,02/25/2020,15300 BLOCK NEBRASKA AV N,33613
1216109,2020-149546          ,FRAUD,FRAUD-OTHER,02/25/2020,4300 BLOCK SHIRE CT,33613
1216120,2020-151011          ,FRAUD,FRAUD-OTHER,02/25/2020,15300 BLOCK NEBRASKA AV N,33613
1216128,2020-1500253         ,FRAUD,FRAUD-SWINDLE,02/25/2020,15300 BLOCK NEBRASKA AV N,33613
1216163,2020-153362          ,THEFT,SHOPLIFTING,02/26/2020,15300 BLOCK NEBRASKA AV N,33613
1216186,2020-152745          ,MISCHIEF,CRIMINAL MISCHIEF FELONY,02/26/2020,13800 BLOCK AZALEA CR,33613
1216250,2020-152730          ,FRAUD,FRAUD-CREDIT CARD,02/26/2020,1500 BLOCK 140TH AV E,33613
1216297,2020-154208          ,BATTERY,BATTERY-SIMPLE,02/26/2020,3900 BLOCK ROCKY CR,33613
1216305,2020-153760          ,TRAFFIC,Non Incapacitating Injury,02/26/2020,22ND ST N  /  136TH AV E,33613
1216410,2020-153896          ,FRAUD,FRAUD-SWINDLE,02/26/2020,15300 BLOCK NEBRASKA AV N,33613
1216417,2020-152427          ,FRAUD,FRAUD-OTHER,02/26/2020,16600 BLOCK VILLALENDA DE AVILA,33613
1216428,2020-155138          ,TRAFFIC,Property Damage,02/27/2020,BEARSS AV W  /  CRISIS CENTER PZ,33613
1216492,2020-155564          ,FRAUD,FRAUD-CREDIT CARD,02/27/2020,14500 BLOCK NEBRASKA AV N,33613
1216519,2020-156055          ,THEFT,PETIT THEFT - ALL OTHER,02/27/2020,14700 BLOCK NEBRASKA AV N,33613
1216535,2020-1500251         ,THEFT,SHOPLIFTING,02/27/2020,15300 BLOCK NEBRASKA AV N,33613
1216538,2020-156570          ,BATTERY,BATTERY-SIMPLE,02/27/2020,2100 BLOCK 142ND AV E,33613
1216540,2020-156333          ,ASSAULT,AGGRAVATED ASSAULT,02/27/2020,14200 BLOCK BRUCE B DOWNS BL,33613
1216567,2020-156940          ,BATTERY,BATTERY-SIMPLE,02/27/2020,1200 BLOCK SKIPPER RD,33613
1216568,2020-156928          ,BATTERY,BATTERY-SIMPLE,02/27/2020,13900 BLOCK 15TH ST N,33613
1216598,2020-154959          ,THEFT,SHOPLIFTING,02/27/2020,15300 BLOCK NEBRASKA AV N,33613
1216665,2020-157918          ,MISCHIEF,CRIMINAL MISCHIEF MISDEMEANOR,02/28/2020,14200 BLOCK 42ND ST N,33613
1216767,2020-158936          ,TRAFFIC,Property Damage,02/28/2020,13700 BLOCK NEBRASKA AV N,33613
1216771,2020-158969          ,TRAFFIC,Property Damage,02/28/2020,FLETCHER AV E  /  42ND ST N,33613
1216772,2020-157867          ,TRAFFIC,Property Damage,02/28/2020,FLETCHER AV E  /  46TH ST N,33613
1216773,2020-158600          ,TRAFFIC,Property Damage,02/28/2020,SKIPPER RD  /  NEBRASKA AV N,33613
1216788,2020-159349          ,TRAFFIC,Property Damage,02/28/2020,FLETCHER AV E  /  42ND ST N,33613
1216794,2020-159281          ,TRAFFIC,Non Incapacitating Injury,02/28/2020,BEARSS AV E  /  22ND ST N,33613
1216827,2020-158962          ,TRAFFIC,Non Incapacitating Injury,02/28/2020,BRUCE B DOWNS BL  /  43RD ST N,33613
1216839,2020-157522          ,FRAUD,FRAUD-OTHER,02/28/2020,14200 BLOCK SHILOH WOODS CT,33613
1216864,2020-157982          ,FRAUD,FRAUD-CREDIT CARD,02/28/2020,16000 BLOCK LAKESHORE VILLA DR,33613
1216891,2020-160320          ,TRAFFIC,Non Incapacitating Injury,02/29/2020,22ND ST N  /  HENSEL LN,33613
1216944,2020-159610          ,BATTERY,BATTERY-AGGRAVATED,02/29/2020,14300 BLOCK LUCERNE DR,33613
1216969,2020-161549          ,BATTERY,BATTERY-AGGRAVATED,02/29/2020,14000 BLOCK NEBRASKA AV N,33613
1216970,2020-161549          ,ARSON,ARSON,02/29/2020,14000 BLOCK NEBRASKA AV N,33613
1217006,2020-161114          ,MISCHIEF,CRIMINAL MISCHIEF MISDEMEANOR,02/29/2020,800 BLOCK WALKER DR,33613
1217037,2020-162707          ,BURGLARY,THEFT FROM A VEHICLE,03/01/2020,3000 BLOCK GATES DR,33613
1217071,2020-162530          ,BATTERY,BATTERY-SIMPLE,03/01/2020,1200 BLOCK FLORESILLA DE AVILA,33613
1217131,2020-162163          ,THEFT,THEFT VEHICLE & OTHER MOBILE,03/01/2020,1800 BLOCK 139TH AV E,33613
1217220,2020-166060          ,TRAFFIC,Property Damage,03/02/2020,BRUCE B DOWNS BL  /  GATES DR,33613
1217233,2020-164686          ,FRAUD,FRAUD-OTHER,03/02/2020,13600 BLOCK AVALON HEIGHTS BL,33613
1217248,2020-165993          ,THEFT,THEFT MOTOR VEHICLE PARTS,03/02/2020,14500 BLOCK NEBRASKA AV N,33613
1217281,2020-165524          ,MISCHIEF,CRIMINAL MISCHIEF MISDEMEANOR,03/02/2020,3400 BLOCK JEFFERSON COMMONS DR,33613
1217296,2020-166005          ,BURGLARY,BURGLARY RESIDENCE / FORCED,03/02/2020,200 BLOCK SUNSET CR,33613
1217305,2020-165531          ,THEFT,SHOPLIFTING,03/02/2020,13600 BLOCK UNIVERSITY PZ,33613
1217306,2020-165531          ,DRUGS,DRUGS/NARCOTICS,03/02/2020,13600 BLOCK UNIVERSITY PZ,33613
1217307,2020-165531          ,DRUGS,DRUG PARAPHERNALIA,03/02/2020,13600 BLOCK UNIVERSITY PZ,33613
1217361,2020-165816          ,MISCHIEF,CRIMINAL MISCHIEF MISDEMEANOR,03/02/2020,3600 BLOCK JEFFERSON COMMONS DR,33613
1217378,2020-164220          ,BATTERY,BATTERY-SIMPLE,03/02/2020,1500 BLOCK 143RD AV E,33613
1217393,2020-165741          ,BURGLARY,THEFT FROM A VEHICLE,03/02/2020,3500 BLOCK JEFFERSON COMMONS DR,33613
1217463,2020-168162          ,BATTERY,BATTERY-SIMPLE,03/03/2020,1500 BLOCK 138TH AV E,33613
1217468,2020-168111          ,MISCHIEF,CRIMINAL MISCHIEF MISDEMEANOR,03/03/2020,14500 BLOCK UNIVERSITY POINT PL,33613
1217478,2020-166958          ,DRUGS,DRUG PARAPHERNALIA,03/03/2020,137TH AV E  /  19TH ST N,33613
1217499,2020-1500297         ,FRAUD,FRAUD-IMPERSONATION,03/03/2020,16500 BLOCK MILLAN DE AVILA,33613
1217534,2020-166742          ,DRUGS,DRUG PARAPHERNALIA,03/03/2020,14300 BLOCK LUCERNE DR,33613
1217535,2020-168187          ,THEFT,THEFT FROM A BUILDING,03/03/2020,13800 BLOCK KAPOK CT,33613
1217551,2020-168399          ,THEFT,THEFT OF BICYCLE,03/03/2020,4000 BLOCK ASHFORD GREEN PL,33613
1217592,2020-168553          ,TRAFFIC,Property Damage,03/03/2020,BRUCE B DOWNS BL  /  GRAND PAVILION DR,33613
1217602,2020-168622          ,TRAFFIC,Non Incapacitating Injury,03/03/2020,BRUCE B DOWNS BL  /  BEARSS AV E,33613
1217618,2020-167247          ,TRAFFIC,Property Damage,03/03/2020,BEARSS AV E  /  SOMERSET PARK DR,33613
1217634,2020-169129          ,TRAFFIC,Non Incapacitating Injury,03/03/2020,BRUCE B DOWNS BL  /  BEARSS AV E,33613
1217636,2020-169511          ,TRAFFIC,Non Incapacitating Injury,03/03/2020,BRUCE B DOWNS BL  /  SKIPPER RD,33613
1217645,2020-169093          ,TRAFFIC,Property Damage,03/03/2020,BRUCE B DOWNS BL  /  BEARSS AV E,33613
1217653,2020-168690          ,FRAUD,FRAUD-OTHER,03/03/2020,15300 BLOCK NEBRASKA AV N,33613
1217701,2020-171711          ,TRAFFIC,Non Incapacitating Injury,03/04/2020,NEBRASKA AV N  /  BEARSS AV E,33549
1217728,2020-170760          ,TRAFFIC,Property Damage,03/04/2020,142ND AV E  /  15TH ST N,33613
1217730,2020-170565          ,TRAFFIC,Property Damage,03/04/2020,BEARSS AV E  /  BRUCE B DOWNS BL,33613
1217748,2020-170962          ,FRAUD,FRAUD-OTHER,03/04/2020,1900 BLOCK LITTLE CV,33613
1217752,2020-171035          ,BATTERY,BATTERY-SIMPLE,03/04/2020,3600 BLOCK JEFFERSON COMMONS DR,33613
1217787,2020-169717          ,BATTERY,BATTERY-SIMPLE,03/04/2020,14400 BLOCK HENSEL LN,33613
1217826,2020-170088          ,THEFT,SHOPLIFTING,03/04/2020,15300 BLOCK NEBRASKA AV N,33613
1217871,2020-170693          ,BATTERY,BATTERY-SIMPLE,03/04/2020,1200 BLOCK 142ND AV E,33613
1217879,2020-171594          ,DRUGS,DRUGS/NARCOTICS,03/04/2020,13700 BLOCK 19TH ST N,33613
1217934,2020-170496          ,BATTERY,BATTERY-SIMPLE,03/04/2020,1900 BLOCK 143RD AV E,33613
1217943,2020-171099          ,BATTERY,BATTERY-SIMPLE,03/04/2020,13700 BLOCK 19TH ST N,33613
1217947,2020-171350          ,THEFT,THEFT OF BICYCLE,03/04/2020,1800 BLOCK FRENCH CREEK RD,33613
1218064,2020-174940          ,BURGLARY,BURGLARY RESIDENCE / FORCED,03/05/2020,1300 BLOCK AUTUMN DR,33613
1218089,2020-174427          ,THEFT,THEFT OF BICYCLE,03/05/2020,13500 BLOCK AVALON HEIGHTS BL,33613
1218115,2020-172835          ,BURGLARY,THEFT FROM A VEHICLE,03/05/2020,13600 BLOCK 15TH ST N,33613
1218123,2020-173567          ,DRUGS,PRESCRIPTION/DRUG FRAUD,03/05/2020,15300 BLOCK NEBRASKA AV N,33613
1218126,2020-173338          ,TRAFFIC,Property Damage,03/05/2020,FLETCHER AV E  /  46TH ST N,33613
1218152,2020-174855          ,TRAFFIC,Property Damage,03/05/2020,BEARSS AV E  /  LIVINGSTON AV,33559
1218178,2020-174662          ,TRAFFIC,Property Damage,03/05/2020,BEARSS AV E  /  I275 N,33613
1218228,2020-174681          ,THEFT,SHOPLIFTING,03/05/2020,13600 BLOCK UNIVERSITY PZ,33613
1218240,2020-173535          ,FRAUD,FRAUD-OTHER,03/05/2020,14900 BLOCK PINECREST RD,33613
1218241,2020-174537          ,DRUGS,DRUG TRAFFICKING/DELIVERY,03/05/2020,400 BLOCK BEARSS AV E,33613
1218248,2020-177820          ,TRAFFIC,Property Damage,03/06/2020,22ND ST N  /  RAE CT,33613
1218252,2020-177050          ,TRAFFIC,Non Incapacitating Injury,03/06/2020,HARDY DR  /  PHILMORE RD,33613
1218364,2020-176477          ,FRAUD,FRAUD-CREDIT CARD,03/06/2020,1900 BLOCK 136TH AV E,33613
1218371,2020-1500301         ,THEFT,SHOPLIFTING,03/06/2020,15300 BLOCK NEBRASKA AV N,33613
1218373,2020-176805          ,THEFT,THEFT MOTOR VEHICLE PARTS,03/06/2020,13600 BLOCK 15TH ST N,33613
1218388,2020-177092          ,THEFT,THEFT OF BICYCLE,03/06/2020,13600 BLOCK NEBRASKA AV N,33613
1218423,2020-177177          ,BATTERY,BATTERY-SIMPLE,03/06/2020,14400 BLOCK HENSEL LN,33613
1218447,2020-175908          ,BURGLARY,THEFT FROM A VEHICLE,03/06/2020,14300 BLOCK DAKE LN,33613
1218448,2020-175908          ,MISCHIEF,CRIMINAL MISCHIEF MISDEMEANOR,03/06/2020,14300 BLOCK DAKE LN,33613
1218474,2020-178694          ,BATTERY,BATTERY-SIMPLE,03/07/2020,1500 BLOCK 139TH AV E,33613
1218475,2020-178904          ,THEFT,PETIT THEFT - ALL OTHER,03/07/2020,14600 BLOCK NEBRASKA AV N,33613
1218553,2020-180148          ,DUI,DUI (DRIVING UNDER INFLUENCE),03/07/2020,BRUCE B DOWNS BL  /  CARIBBEAN BREEZE DR,33613
1218611,2020-182011          ,TRAFFIC,Non Incapacitating Injury,03/08/2020,BEARSS AV E  /  22ND ST N,33613
1218698,2020-182111          ,THEFT,PETIT THEFT - ALL OTHER,03/08/2020,13700 BLOCK 42ND ST N,33613
1218742,2020-181071          ,BATTERY,BATTERY-SIMPLE,03/08/2020,FLORIDA AV N  /  CONNIE AV,33613
1218744,2020-181635          ,BATTERY,BATTERY-SIMPLE,03/08/2020,1200 BLOCK SKIPPER RD,33613
1218936,2020-183989          ,TRAFFIC,Property Damage,03/09/2020,BEARSS AV E  /  LIVINGSTON AV,33559
1218957,2020-183266          ,TRAFFIC,Non Incapacitating Injury,03/09/2020,LIVINGSTON AV  /  BEARSS AV E,33559
1219000,2020-184064          ,ASSAULT,AGGRAVATED ASSAULT,03/09/2020,23RD ST N  /  136TH AV E,33613
1219048,2020-186753          ,TRAFFIC,Property Damage,03/10/2020,NEBRASKA AV N  /  SKIPPER RD,33613
1219074,2020-187249          ,TRAFFIC,Property Damage,03/10/2020,FLETCHER AV E  /  42ND ST N,33613
1219272,2020-187785          ,BATTERY,BATTERY-AGGRAVATED,03/10/2020,15600 BLOCK LAKESHORE VILLA LP,33613
1219338,2020-190576          ,THEFT,PETIT THEFT - ALL OTHER,03/11/2020,14200 BLOCK 42ND ST N,33613
1219340,2020-188857          ,FRAUD,FRAUD-OTHER,03/11/2020,14300 BLOCK DAKE LN,33613
1219393,2020-190323          ,BATTERY,BATTERY-SIMPLE,03/11/2020,14000 BLOCK SAN CASA PL,33613
1219443,2020-189237          ,TRAFFIC,Property Damage,03/11/2020,FLETCHER AV E  /  USF BANYAN CR,33613
1219459,2020-189243          ,TRAFFIC,Non Incapacitating Injury,03/11/2020,BRUCE B DOWNS BL  /  LAKE FOREST DR,33613
1219471,2020-190494          ,TRAFFIC,Property Damage,03/11/2020,3100 BLOCK FLETCHER AV E,33613
1219504,2020-188939          ,DRUGS,DRUG PARAPHERNALIA,03/11/2020,143RD AV E  /  CAPRI CT,33613
1219508,2020-188040          ,DRUGS,DRUGS/NARCOTICS,03/11/2020,NEBRASKA AV N  /  145TH AV E,33613
1219567,2020-192961          ,DRUGS,DRUGS/NARCOTICS,03/12/2020,13700 BLOCK 19TH ST N,33613
1219643,2020-193369          ,THEFT,THEFT OF BICYCLE,03/12/2020,3100 BLOCK COVE BEND DR,33613
1219760,2020-194622          ,MISCHIEF,CRIMINAL MISCHIEF MISDEMEANOR,03/13/2020,4200 BLOCK FLETCHER AV E,33613
1219797,2020-194072          ,FRAUD,FRAUD-OTHER,03/13/2020,1000 BLOCK SKIPPER RD,33613
1219802,2020-194532          ,FRAUD,FRAUD-CREDIT CARD,03/13/2020,2500 BLOCK BEARSS AV E,33613
1219826,2020-193485          ,THEFT,SHOPLIFTING,03/13/2020,15300 BLOCK NEBRASKA AV N,33613
1219840,2020-195619          ,FRAUD,FRAUD-SWINDLE,03/13/2020,13600 BLOCK UNIVERSITY PZ,33613
1219882,2020-194508          ,TRAFFIC,Property Damage,03/13/2020,BRUCE B DOWNS BL  /  GRAND PAVILION DR,33613
1219886,2020-195677          ,TRAFFIC,Non Incapacitating Injury,03/13/2020,LIVINGSTON AV  /  BEARSS AV E,33559
1219987,2020-196786          ,TRAFFIC,Property Damage,03/14/2020,46TH ST N  /  FLETCHER AV E,33613
1220004,2020-196284          ,MISCHIEF,CRIMINAL MISCHIEF MISDEMEANOR,03/14/2020,13600 BLOCK 12TH ST N,33613
1220006,2020-196307          ,BATTERY,BATTERY ON ELDERLY - SIMPLE,03/14/2020,4500 BLOCK SWEETWATER LAKE DR,33613
1220073,2020-196561          ,BURGLARY,THEFT FROM A VEHICLE,03/14/2020,14100 BLOCK MOSSY GLEN LN,33613
1220091,2020-197780          ,THEFT,PURSE SNATCHING,03/14/2020,140TH AV E  /  21ST ST N,33613
1220151,2020-198766          ,THEFT,PETIT THEFT - ALL OTHER,03/15/2020,2900 BLOCK LAKESIDE COMMONS DR,33613
1220203,2020-198142          ,BATTERY,BATTERY-SIMPLE,03/15/2020,13800 BLOCK AZALEA CR,33613
1220234,2020-199246          ,THEFT,SHOPLIFTING,03/15/2020,15300 BLOCK NEBRASKA AV N,33613
1220239,2020-197914          ,ROBBERY,PERSON - ROBBERY,03/15/2020,142ND AV E  /  12TH ST N,33613
1220248,2020-198045          ,TRAFFIC,Property Damage,03/15/2020,14000 BLOCK CAPITOL DR,33613
1220307,2020-1500402         ,MISCHIEF,CRIMINAL MISCHIEF MISDEMEANOR,03/15/2020,14400 BLOCK HELLENIC DR,33613
1220352,2020-200170          ,THEFT,SHOPLIFTING,03/16/2020,15300 BLOCK NEBRASKA AV N,33613
1220399,2020-200354          ,FRAUD,FRAUD-OTHER,03/16/2020,15400 BLOCK LAKESHORE VILLA DR,33613
1220529,2020-202615          ,MISCHIEF,CRIMINAL MISCHIEF MISDEMEANOR,03/17/2020,14300 BLOCK LUCERNE DR,33613
1220593,2020-203682          ,TRAFFIC,Non Incapacitating Injury,03/17/2020,19TH ST N  /  139TH AV E,33613
1220603,2020-202525          ,TRAFFIC,Property Damage,03/17/2020,BRUCE B DOWNS BL  /  BARNHARD DR,33613
1220614,2020-202008          ,BATTERY,BATTERY-AGGRAVATED,03/17/2020,22ND ST N  /  136TH AV E,33613
1220662,2020-206106          ,TRAFFIC,Property Damage,03/18/2020,AUTUMN DR  /  FOUR SEASONS BL,33613
1220739,2020-205812          ,DRUGS,DRUG PARAPHERNALIA,03/18/2020,1900 BLOCK 136TH AV E,33613
1220755,2020-206311          ,BATTERY,BATTERY-SIMPLE,03/18/2020,100 BLOCK FLORAL DR,33613
1220817,2020-204293          ,BATTERY,BATTERY-AGGRAVATED,03/18/2020,13700 BLOCK 19TH ST N,33613
1220835,2020-205713          ,BATTERY,BATTERY-SIMPLE,03/18/2020,13900 BLOCK 19TH ST N,33613
1220861,2020-207326          ,BATTERY,BATTERY-SIMPLE,03/19/2020,1200 BLOCK SAND LAKE CR,33613
1220933,2020-206913          ,BURGLARY,THEFT FROM A VEHICLE,03/19/2020,13800 BLOCK AZALEA CR,33613
1221027,2020-210002          ,TRAFFIC,Property Damage,03/20/2020,FLETCHER AV E  /  USF LAUREL DR,33613
1221120,2020-209994          ,BATTERY,BATTERY-SIMPLE,03/20/2020,14200 BLOCK LES PALMS CR,33613
1221122,2020-209903          ,BATTERY,BATTERY-SIMPLE,03/20/2020,14800 BLOCK SWALLOWTAIL CT,33613
1221130,2020-208701          ,FRAUD,FRAUD-OTHER,03/20/2020,14500 BLOCK 22ND ST N,33613
1221131,2020-208719          ,BURGLARY,THEFT FROM A VEHICLE,03/20/2020,14200 BLOCK CHOCTAW VLG DR,33613
1221154,2020-209395          ,BATTERY,BATTERY-AGGRAVATED,03/20/2020,14900 BLOCK FLORIDA AV N,33613
1221226,2020-212042          ,BATTERY,BATTERY-SIMPLE,03/21/2020,1200 BLOCK FOUR SEASONS BL,33613
1221232,2020-210319          ,BATTERY,BATTERY-SIMPLE,03/21/2020,42ND ST N  /  WINDING MOSS TL,33613
1221246,2020-211785          ,MISCHIEF,CRIMINAL MISCHIEF MISDEMEANOR,03/21/2020,13700 BLOCK SUSAN KAY DR,33613
1221308,2020-211238          ,TRAFFIC,Property Damage,03/21/2020,13600 BLOCK UNIVERSITY PZ,33613
1221318,2020-210882          ,BURGLARY,THEFT FROM A VEHICLE,03/21/2020,14500 BLOCK CHAUCER CT,33613
1221319,2020-210882          ,MISCHIEF,CRIMINAL MISCHIEF MISDEMEANOR,03/21/2020,14500 BLOCK CHAUCER CT,33613
1221395,2020-213184          ,THEFT,SHOPLIFTING,03/22/2020,13600 BLOCK UNIVERSITY PZ,33613
1221409,2020-213171          ,MISCHIEF,CRIMINAL MISCHIEF MISDEMEANOR,03/22/2020,14200 BLOCK PALM CT,33613
1221410,2020-213511          ,THEFT,GRAND THEFT - ALL OTHER,03/22/2020,14200 BLOCK PALM CT,33613
1221513,2020-215047          ,MISCHIEF,CRIMINAL MISCHIEF MISDEMEANOR,03/23/2020,14300 BLOCK DAKE LN,33613
1221518,2020-215323          ,BATTERY,BATTERY-SIMPLE,03/23/2020,3600 BLOCK PALM CROSSING DR,33613
1221522,2020-215517          ,THEFT,PETIT THEFT - ALL OTHER,03/23/2020,1800 BLOCK FRENCH CREEK RD,33613
1221606,2020-214707          ,BURGLARY,THEFT FROM A VEHICLE,03/23/2020,2300 BLOCK CEDAR TRACE CR,33613
1221622,2020-216701          ,TRAFFIC,Non Incapacitating Injury,03/24/2020,BRUCE B DOWNS BL  /  37TH ST N,33613
1221660,2020-1500437         ,MISCHIEF,CRIMINAL MISCHIEF MISDEMEANOR,03/24/2020,1800 BLOCK FRENCH CREEK RD,33613
1221664,2020-217360          ,MISCHIEF,CRIMINAL MISCHIEF MISDEMEANOR,03/24/2020,14300 BLOCK DAKE LN,33613
1221670,2020-1500442         ,FRAUD,FRAUD-SWINDLE,03/24/2020,4000 BLOCK ROCKY CR,33613
1221757,2020-216708          ,BATTERY,BATTERY-SIMPLE,03/24/2020,2300 BLOCK CEDAR TRACE CR,33613
1221789,2020-218217          ,BATTERY,BATTERY-SIMPLE,03/25/2020,14000 BLOCK 22ND ST N,33613
1221799,2020-219036          ,ASSAULT,AGGRAVATED ASSAULT,03/25/2020,15300 BLOCK NEBRASKA AV N,33613
1221957,2020-220949          ,THEFT,THEFT FROM A BUILDING,03/26/2020,4000 BLOCK WOODSPRING LN,33613
1222006,2020-221220          ,BURGLARY,BURGLARY OTHER STRUCTURE,03/26/2020,15900 BLOCK LAKE MAGDALENE BL,33613
1222009,2020-221124          ,BATTERY,BATTERY-SIMPLE,03/26/2020,13700 BLOCK 19TH ST N,33613
1222010,2020-220983          ,THEFT,SHOPLIFTING,03/26/2020,15300 BLOCK NEBRASKA AV N,33613
1222015,2020-220331          ,DUI,DUI (DRIVING UNDER INFLUENCE),03/26/2020,HAVEN BN  /  ROME AV N,33613
1222127,2020-223230          ,THEFT,THEFT VEHICLE & OTHER MOBILE,03/27/2020,14900 BLOCK NEBRASKA AV N,33613
1222128,2020-223230          ,FRAUD,FRAUD-IMPERSONATION,03/27/2020,14900 BLOCK NEBRASKA AV N,33613
1222143,2020-223637          ,THEFT,SHOPLIFTING,03/27/2020,15300 BLOCK NEBRASKA AV N,33613
1222256,2020-225109          ,TRAFFIC,Property Damage,03/28/2020,BRUCE B DOWNS BL  /  37TH ST N,33613
1222326,2020-225194          ,THEFT,GRAND THEFT - ALL OTHER,03/28/2020,13500 BLOCK FLORIDA AV N,33613
1222327,2020-225194          ,DRUGS,DRUGS/NARCOTICS,03/28/2020,13500 BLOCK FLORIDA AV N,33613
1222370,2020-227588          ,BATTERY,BATTERY-SIMPLE,03/29/2020,14500 BLOCK SEAFORD CR,33613
1222376,2020-228008          ,BURGLARY,BURGLARY RESIDENCE / FORCED,03/29/2020,2200 BLOCK CEDAR TRACE CR,33613
1222395,2020-227702          ,BATTERY,BATTERY-SIMPLE,03/29/2020,1700 BLOCK BEARSS AV E,33613
1222402,2020-228076          ,THEFT,PETIT THEFT - ALL OTHER,03/29/2020,1200 BLOCK SKIPPER RD,33613
1222430,2020-228662          ,BATTERY,BATTERY-SIMPLE,03/29/2020,2700 BLOCK ACORN CT,33613
1222443,2020-228309          ,TRAFFIC,Property Damage,03/29/2020,138TH AV E  /  19TH ST N,33613
1222497,2020-230584          ,TRAFFIC,Non Incapacitating Injury,03/30/2020,FLETCHER AV E  /  42ND ST N,33613
1222532,2020-228915          ,BURGLARY,THEFT FROM A VEHICLE,03/30/2020,14400 BLOCK AUDUBON TC,33613
1222575,2020-229558          ,THEFT,THEFT MOTOR VEHICLE PARTS,03/30/2020,300 BLOCK WINDWOOD OAKS DR,33613
1222599,2020-230067          ,THEFT,SHOPLIFTING,03/30/2020,2200 BLOCK BEARSS AV E,33613
1222661,2020-231347          ,BATTERY,BATTERY-SIMPLE,03/31/2020,1300 BLOCK SAND LAKE CR,33613
1222662,2020-231347          ,MISCHIEF,CRIMINAL MISCHIEF MISDEMEANOR,03/31/2020,1300 BLOCK SAND LAKE CR,33613
1222697,2020-231868          ,THEFT,THEFT MOTOR VEHICLE PARTS,03/31/2020,1200 BLOCK SKIPPER RD,33613
1222729,2020-232447          ,THEFT,THEFT MOTOR VEHICLE PARTS,03/31/2020,14800 BLOCK CARNATION DR,33613
1222754,2020-232222          ,TRAFFIC,Property Damage,03/31/2020,BRUCE B DOWNS BL  /  BEARSS AV E,33613
1222773,2020-231773          ,FRAUD,FRAUD-CREDIT CARD,03/31/2020,3900 BLOCK CAMBRIDGE WOODS DR,33613
1222778,2020-231562          ,BATTERY,BATTERY-SIMPLE,03/31/2020,1400 BLOCK COURT OF FLAGS CT,33613
1222779,2020-231562          ,MISCHIEF,CRIMINAL MISCHIEF MISDEMEANOR,03/31/2020,1400 BLOCK COURT OF FLAGS CT,33613
1222791,2020-232257          ,BATTERY,BATTERY-SIMPLE,03/31/2020,14000 BLOCK HALSTEAD CT,33613
1222794,2020-232485          ,MISCHIEF,CRIMINAL MISCHIEF FELONY,03/31/2020,2500 BLOCK BEARSS AV E,33613
1222807,2020-233538          ,TRAFFIC,Property Damage,04/01/2020,14300 BLOCK HENSEL LN,33613
1222808,2020-234027          ,TRAFFIC,Property Damage,04/01/2020,BRUCE B DOWNS BL  /  CARIBBEAN BREEZE DR,33613
1222810,2020-233260          ,TRAFFIC,Property Damage,04/01/2020,LIVINGSTON AV  /  BEARSS AV E,33559
1222965,2020-236271          ,MISCHIEF,CRIMINAL MISCHIEF MISDEMEANOR,04/02/2020,300 BLOCK WINDWOOD OAKS DR,33613
1222980,2020-237158          ,BATTERY,BATTERY-SIMPLE,04/02/2020,1300 BLOCK SAND LAKE CR,33613
1223028,2020-236513          ,BATTERY,BATTERY-SIMPLE,04/02/2020,14200 BLOCK 42ND ST N,33613
1223073,2020-236224          ,TRAFFIC,Property Damage,04/02/2020,142ND AV E  /  NEBRASKA AV N,33613
1223093,2020-236221          ,FRAUD,FRAUD-CREDIT CARD,04/02/2020,3400 BLOCK JEFFERSON COMMONS DR,33613
1223150,2020-237585          ,THEFT,SHOPLIFTING,04/03/2020,15300 BLOCK NEBRASKA AV N,33613
1223254,2020-239759          ,THEFT,SHOPLIFTING,04/04/2020,15300 BLOCK NEBRASKA AV N,33613
1223303,2020-239862          ,BATTERY,BATTERY-SIMPLE,04/04/2020,14300 BLOCK HENSEL LN,33613
1223384,2020-241336          ,ASSAULT,AGGRAVATED ASSAULT,04/05/2020,13800 BLOCK AZALEA CR,33613
1223411,2020-241191          ,BATTERY,BATTERY-AGGRAVATED,04/05/2020,13800 BLOCK 21ST ST N,33613
1223412,2020-241191          ,BATTERY,BATTERY-SIMPLE,04/05/2020,13800 BLOCK 21ST ST N,33613
1223424,2020-241781          ,BATTERY,BATTERY-SIMPLE,04/05/2020,300 BLOCK WINDWOOD OAKS DR,33613
1223526,2020-243106          ,BURGLARY,THEFT FROM A VEHICLE,04/06/2020,900 BLOCK SKIPPER RD,33613
1223546,2020-243160          ,BATTERY,BATTERY-SIMPLE,04/06/2020,13800 BLOCK 19TH ST N,33613
1223605,2020-242784          ,TRAFFIC,Non Incapacitating Injury,04/06/2020,BEARSS AV E  /  18TH ST N,33613
1223608,2020-243444          ,TRAFFIC,Property Damage,04/06/2020,BRUCE B DOWNS BL  /  43RD ST N,33613
1223611,2020-242391          ,TRAFFIC,Property Damage,04/06/2020,13600 BLOCK PLATTE CREEK CR,33613
1223621,2020-242758          ,BURGLARY,BURGLARY BUSINESS/ FORCED,04/06/2020,15500 BLOCK FLORIDA AV N,33613
1223627,2020-243579          ,MISCHIEF,CRIMINAL MISCHIEF MISDEMEANOR,04/06/2020,2000 BLOCK PINE CHACE CT,33613
1223687,2020-246565          ,BATTERY,BATTERY-SIMPLE,04/07/2020,22ND ST N  /  AMIEE CT,33613
1223746,2020-246483          ,MISCHIEF,CRIMINAL MISCHIEF MISDEMEANOR,04/07/2020,14400 BLOCK AMERICANA CR,33613
1223776,2020-245897          ,BATTERY,BATTERY-SIMPLE,04/07/2020,14700 BLOCK NORWOOD OAKS DR,33613
1223777,2020-245919          ,BATTERY,BATTERY-SIMPLE,04/07/2020,1300 BLOCK AUTUMN DR,33613
1223806,2020-247199          ,BATTERY,BATTERY-SIMPLE,04/08/2020,1200 BLOCK AUTUMN DR,33613
1223807,2020-247089          ,BURGLARY,THEFT FROM A VEHICLE,04/08/2020,14500 BLOCK 46TH ST N,33613
1223816,2020-248400          ,BATTERY,BATTERY-SIMPLE,04/08/2020,300 BLOCK FLORAL DR,33613
1223846,2020-248501          ,MISCHIEF,CRIMINAL MISCHIEF MISDEMEANOR,04/08/2020,14400 BLOCK HELLENIC DR,33613
1223900,2020-248138          ,BATTERY,BATTERY-AGGRAVATED,04/08/2020,1800 BLOCK 142ND AV E,33613
1224025,2020-249647          ,THEFT,SHOPLIFTING,04/09/2020,15300 BLOCK NEBRASKA AV N,33613
1224064,2020-251725          ,MISCHIEF,CRIMINAL MISCHIEF MISDEMEANOR,04/10/2020,14400 BLOCK HELLENIC DR,33613
1224157,2020-251460          ,TRAFFIC,Property Damage,04/10/2020,BEARSS AV E  /  22ND ST N,33613
1224159,2020-251342          ,TRAFFIC,Property Damage,04/10/2020,BEARSS AV E  /  BRUCE B DOWNS BL,33613
1224176,2020-250753          ,BATTERY,BATTERY-SIMPLE,04/10/2020,14500 BLOCK SEAFORD CR,33613
1224187,2020-251264          ,MISCHIEF,CRIMINAL MISCHIEF FELONY,04/10/2020,1200 BLOCK SKIPPER RD,33613
1224193,2020-252497          ,BATTERY,BATTERY-SIMPLE,04/10/2020,3100 BLOCK FLETCHER AV E,33613
1224200,2020-252378          ,THEFT,THEFT MOTOR VEHICLE PARTS,04/10/2020,13700 BLOCK NEBRASKA AV N,33613
1224208,2020-253714          ,TRAFFIC,Property Damage,04/11/2020,BEARSS AV E  /  GREGORY DR,33613
1224302,2020-253637          ,MISCHIEF,CRIMINAL MISCHIEF MISDEMEANOR,04/11/2020,13800 BLOCK KAPOK CT,33613
1224381,2020-256166          ,BATTERY,BATTERY-SIMPLE,04/12/2020,14500 BLOCK CHAUCER CT,33613
1224418,2020-255160          ,TRAFFIC,Non Incapacitating Injury,04/12/2020,BEARSS AV E  /  22ND ST N,33613
1224463,2020-256450          ,BATTERY,BATTERY-SIMPLE,04/13/2020,2300 BLOCK CEDAR TRACE CR,33613
1224563,2020-258158          ,ROBBERY,PERSON - ROBBERY,04/13/2020,14200 BLOCK SHADOW MOSS LN,33613
1224622,2020-259827          ,BATTERY,BATTERY-SIMPLE,04/14/2020,14300 BLOCK HENSEL LN,33613
1224624,2020-259687          ,BATTERY,BATTERY-SIMPLE,04/14/2020,13700 BLOCK GRAGSTON CR,33613
1224646,2020-259784          ,ROBBERY,HOME INVASION,04/14/2020,14500 BLOCK CHAUCER CT,33613
1224667,2020-258463          ,BATTERY,BATTERY-SIMPLE,04/14/2020,13700 BLOCK SUSAN KAY DR,33613
1224724,2020-260083          ,TRAFFIC,Non Incapacitating Injury,04/14/2020,140TH AV E  /  12TH ST N,33613
1224786,2020-262341          ,TRAFFIC,Property Damage,04/15/2020,BEARSS AV E  /  LIVINGSTON AV,33559
1224889,2020-261682          ,BURGLARY,THEFT FROM A VEHICLE,04/15/2020,14600 BLOCK BANYAN BLUFF DR,33613
1224897,2020-262417          ,DUI,DUI (DRIVING UNDER INFLUENCE),04/15/2020,2500 BLOCK BEARSS AV E,33613
1224913,2020-262028          ,BATTERY,BATTERY-SIMPLE,04/15/2020,3400 BLOCK PALM CROSSING DR,33613
1225007,2020-263129          ,BURGLARY,THEFT FROM A VEHICLE,04/16/2020,2900 BLOCK LAKESIDE COMMONS DR,33613
1225011,2020-262787          ,BATTERY,BATTERY ON ELDERLY - SIMPLE,04/16/2020,1800 BLOCK 143RD AV E,33613
1225012,2020-262787          ,BATTERY,BATTERY-SIMPLE,04/16/2020,1800 BLOCK 143RD AV E,33613
1225016,2020-263169          ,BATTERY,BATTERY-SIMPLE,04/16/2020,3700 BLOCK JEFFERSON COMMONS DR,33613
1225044,2020-263049          ,TRAFFIC,Property Damage,04/16/2020,BRUCE B DOWNS BL  /  138TH AV E,33613
1225061,2020-263656          ,TRAFFIC,Non Incapacitating Injury,04/16/2020,BEARSS AV E  /  NEBRASKA AV N,33549
1225104,2020-265992          ,TRAFFIC,Property Damage,04/17/2020,BEARSS AV E  /  22ND ST N,33613
1225180,2020-265969          ,BATTERY,BATTERY-SIMPLE,04/17/2020,1900 BLOCK GREGORY DR,33613
1225197,2020-265829          ,THEFT,PETIT THEFT - ALL OTHER,04/17/2020,1800 BLOCK 143RD AV E,33613
1225248,2020-266998          ,THEFT,THEFT OF BICYCLE,04/18/2020,14400 BLOCK HELLENIC DR,33613
1225371,2020-268776          ,THEFT,THEFT VEHICLE & OTHER MOBILE,04/19/2020,3700 BLOCK JEFFERSON COMMONS DR,33613
1225376,2020-269216          ,MISCHIEF,CRIMINAL MISCHIEF MISDEMEANOR,04/19/2020,14600 BLOCK 42ND ST N,33613
1225403,2020-268949          ,BATTERY,BATTERY-SIMPLE,04/19/2020,14200 BLOCK 42ND ST N,33613
1225418,2020-269966          ,BATTERY,BATTERY-SIMPLE,04/19/2020,1200 BLOCK SKIPPER RD,33613
1225437,2020-269524          ,BATTERY,BATTERY-AGGRAVATED,04/19/2020,139TH AV E  /  19TH ST N,33613
1225456,2020-269516          ,BATTERY,BATTERY-SIMPLE,04/19/2020,14500 BLOCK 46TH ST N,33613
1225479,2020-269812          ,DUI,DUI (DRIVING UNDER INFLUENCE),04/19/2020,14900 BLOCK LAURIE LN,33613
1225520,2020-271614          ,BURGLARY,THEFT FROM A VEHICLE,04/20/2020,14300 BLOCK HENSEL LN,33613
1225526,2020-270265          ,DRUGS,DRUGS/NARCOTICS,04/20/2020,3100 BLOCK FLETCHER AV E,33613
1225570,2020-270832          ,THEFT,THEFT MOTOR VEHICLE PARTS,04/20/2020,1500 BLOCK 142ND AV E,33613
1225619,2020-271477          ,TRAFFIC,Property Damage,04/20/2020,AUTUMN DR  /  WINTER DR,33613
1225632,2020-270623          ,THEFT,THEFT MOTOR VEHICLE PARTS,04/20/2020,2200 BLOCK CEDAR TRACE CR,33613
1225717,2020-273582          ,DRUGS,DRUGS/NARCOTICS,04/21/2020,BEARSS AV E  /  FLORIDA AV N,33613
1225758,2020-1500752         ,MISCHIEF,CRIMINAL MISCHIEF MISDEMEANOR,04/21/2020,14500 BLOCK SEAFORD CR,33613
1225793,2020-272365          ,BATTERY,BATTERY-SIMPLE,04/21/2020,2300 BLOCK CEDAR TRACE CR,33613
1225813,2020-275383          ,ASSAULT,AGGRAVATED ASSAULT,04/22/2020,14900 BLOCK NEBRASKA AV N,33613
1225857,2020-274874          ,BATTERY,BATTERY-SIMPLE,04/22/2020,13700 BLOCK SUSAN KAY DR,33613
1225858,2020-274783          ,THEFT,SHOPLIFTING,04/22/2020,13700 BLOCK NEBRASKA AV N,33613
1225941,2020-275367          ,THEFT,THEFT OF BICYCLE,04/22/2020,4000 BLOCK ASHFORD GREEN PL,33613
1225962,2020-276569          ,TRAFFIC,Property Damage,04/23/2020,BEARSS AV E  /  NEBRASKA AV N,33549
1225968,2020-276058          ,TRAFFIC,Non Incapacitating Injury,04/23/2020,BOULEVARD N  /  LAKE MAGDALENE BL,33613
1225988,2020-277692          ,THEFT,THEFT VEHICLE & OTHER MOBILE,04/23/2020,1200 BLOCK FOUR SEASONS BL,33613
1226025,2020-277016          ,THEFT,THEFT MOTOR VEHICLE PARTS,04/23/2020,14200 BLOCK CYBER PL,33613
1226070,2020-276177          ,MISCHIEF,CRIMINAL MISCHIEF MISDEMEANOR,04/23/2020,14000 BLOCK CORAL CT,33613
1226103,2020-279400          ,DRUGS,DRUGS/NARCOTICS,04/24/2020,BEARSS AV E  /  FLORIDA AV N,33613
1226128,2020-278899          ,THEFT,PETIT THEFT - ALL OTHER,04/24/2020,14200 BLOCK 42ND ST N,33613
1226187,2020-278312          ,TRAFFIC,Property Damage,04/24/2020,BEARSS I275 N RP  /  BEARSS AV E,33613
1226230,2020-280711          ,TRAFFIC,Property Damage,04/25/2020,46TH ST N  /  LES PALMS CR,33613
1226231,2020-280812          ,TRAFFIC,Property Damage,04/25/2020,3900 BLOCK ROCKY CR,33613
1226266,2020-281312          ,BATTERY,BATTERY-SIMPLE,04/25/2020,14800 BLOCK SHADY KNOLL CT,33613
1226299,2020-280925          ,BATTERY,BATTERY-AGGRAVATED,04/25/2020,300 BLOCK FLORAL DR,33613
1226300,2020-280925          ,ASSAULT,AGGRAVATED ASSAULT,04/25/2020,300 BLOCK FLORAL DR,33613
1226375,2020-283545          ,BATTERY,BATTERY-SIMPLE,04/26/2020,100 BLOCK ARKWRIGHT DR,33613
1226378,2020-282493          ,BATTERY,BATTERY-SIMPLE,04/26/2020,3600 BLOCK PALM CROSSING DR,33613
1226379,2020-282682          ,ASSAULT,AGGRAVATED ASSAULT,04/26/2020,14400 BLOCK HENSEL LN,33613
1226380,2020-282682          ,BATTERY,BATTERY-SIMPLE,04/26/2020,14400 BLOCK HENSEL LN,33613
1226401,2020-283376          ,BATTERY,BATTERY-SIMPLE,04/26/2020,1500 BLOCK 142ND AV E,33613
1226434,2020-282911          ,THEFT,THEFT OF BICYCLE,04/26/2020,13700 BLOCK TONEY ST,33613
1226436,2020-282274          ,BATTERY,BATTERY-SIMPLE,04/26/2020,13700 BLOCK SUSAN KAY DR,33613
1226483,2020-283339          ,BURGLARY,THEFT FROM A VEHICLE,04/26/2020,4000 BLOCK ROCKY CR,33613
1226498,2020-282143          ,MISCHIEF,CRIMINAL MISCHIEF MISDEMEANOR,04/26/2020,2100 BLOCK 142ND AV E,33613
1226529,2020-284499          ,THEFT,THEFT MOTOR VEHICLE PARTS,04/27/2020,13600 BLOCK FLORIDA AV N,33613
1226629,2020-1500810         ,FRAUD,FRAUD-SWINDLE,04/27/2020,4000 BLOCK ASHFORD GREEN PL,33613
1226715,2020-1500827         ,THEFT,PETIT THEFT - ALL OTHER,04/28/2020,4000 BLOCK ROCKY CR,33613
1226749,2020-287227          ,BATTERY,BATTERY-SIMPLE,04/28/2020,14400 BLOCK LENORE CT,33613
1226793,2020-287444          ,TRAFFIC,Property Damage,04/28/2020,13600 BLOCK AVALON HEIGHTS BL,33613
1226803,2020-286901          ,TRAFFIC,Non Incapacitating Injury,04/28/2020,42ND ST N  /  MONTICELLO GARDENS PL,33613
1226807,2020-286168          ,TRAFFIC,Property Damage,04/28/2020,BRUCE B DOWNS BL  /  BEARSS AV E,33613
1226811,2020-286420          ,TRAFFIC,Non Incapacitating Injury,04/28/2020,NEBRASKA AV N  /  142ND AV E,33613
1227011,2020-288085          ,DRUGS,DRUGS/NARCOTICS,04/29/2020,100 BLOCK 145TH AV E,33613
1227055,2020-291152          ,THEFT,PETIT THEFT - ALL OTHER,04/30/2020,SKIPPER RD  /  NEBRASKA AV N,33613
1227207,2020-1500847         ,THEFT,PETIT THEFT - ALL OTHER,04/30/2020,14400 BLOCK HELLENIC DR,33613
1227233,2020-292643          ,TRAFFIC,Non Incapacitating Injury,05/01/2020,12TH ST N  /  142ND AV E,33613
1227244,2020-291613          ,TRAFFIC,Property Damage,05/01/2020,BEARSS AV E  /  BRUCE B DOWNS BL,33613
1227258,2020-291914          ,TRAFFIC,Non Incapacitating Injury,05/01/2020,FLETCHER AV E  /  46TH ST N,33613
1227266,2020-291657          ,DUI,DUI (DRIVING UNDER INFLUENCE),05/01/2020,BRUCE B DOWNS BL  /  BEARSS AV E,33613
1227299,2020-292623          ,FRAUD,FRAUD-SWINDLE,05/01/2020,15300 BLOCK NEBRASKA AV N,33613
1227438,2020-294641          ,THEFT,THEFT OF BICYCLE,05/02/2020,14200 BLOCK CYBER PL,33613
1227464,2020-295144          ,BATTERY,BATTERY-AGGRAVATED,05/02/2020,14200 BLOCK HAZEL CT,33613
1227550,2020-297153          ,TRAFFIC,Property Damage,05/03/2020,14400 BLOCK HELLENIC DR,33613
1227582,2020-295511          ,DUI,DUI (DRIVING UNDER INFLUENCE),05/03/2020,142ND AV E  /  15TH ST N,33613
1227652,2020-295912          ,BATTERY,BATTERY-AGGRAVATED,05/03/2020,13900 BLOCK SANDY HILL LP,33613
1227734,2020-298451          ,BATTERY,BATTERY-SIMPLE,05/04/2020,13600 BLOCK 20TH ST N,33613
1227753,2020-297573          ,BATTERY,BATTERY-AGGRAVATED,05/04/2020,1200 BLOCK FOUR SEASONS BL,33613
1227789,2020-297973          ,THEFT,PETIT THEFT - ALL OTHER,05/04/2020,14200 BLOCK SHILOH WOODS CT,33613
1227825,2020-299348          ,BATTERY,BATTERY-SIMPLE,05/04/2020,1500 BLOCK 142ND AV E,33613
1227830,2020-299278          ,BURGLARY,BURGLARY BUSINESS/NO FORCE,05/04/2020,1800 BLOCK BEARSS AV E,33613
1227831,2020-299278          ,THEFT,PETIT THEFT - ALL OTHER,05/04/2020,1800 BLOCK BEARSS AV E,33613
1227938,2020-1500910         ,FRAUD,FRAUD-CREDIT CARD,05/05/2020,13500 BLOCK FLORIDA AV N,33613
1227975,2020-301279          ,THEFT,THEFT OF BICYCLE,05/05/2020,14100 BLOCK MONTEREY PINES DR,33613
1228067,2020-302320          ,THEFT,GRAND THEFT - ALL OTHER,05/06/2020,1800 BLOCK BEARSS AV W,33613
1228107,2020-303479          ,DRUGS,DRUGS/NARCOTICS,05/06/2020,4200 BLOCK WOODSPRING LN,33613
1228113,2020-303392          ,BATTERY,BATTERY-AGGRAVATED,05/06/2020,46TH ST N  /  WINDING MOSS TL,33613
1228128,2020-302079          ,MISCHIEF,CRIMINAL MISCHIEF MISDEMEANOR,05/06/2020,13800 BLOCK PINE CONE CT,33613
1228134,2020-1500938         ,THEFT,SHOPLIFTING,05/06/2020,1400 BLOCK SKIPPER RD,33613
1228168,2020-302834          ,THEFT,GRAND THEFT - ALL OTHER,05/06/2020,13600 BLOCK FLORIDA AV N,33613
1228185,2020-25216           ,TRAFFIC,Property Damage,05/06/2020,BRUCE B DOWNS BL / CARIBBEAN BREEZE DR,33613
1228188,2020-303904          ,TRAFFIC,Property Damage,05/06/2020,FLETCHER AV E  /  USF BANYAN CR,33613
1228233,2020-303764          ,BATTERY,BATTERY-SIMPLE,05/06/2020,4000 BLOCK WOODSPRING LN,33613
1228241,2020-303394          ,FRAUD,FRAUD-SWINDLE,05/06/2020,14900 BLOCK FLORIDA AV N,33613
1228323,2020-304806          ,BATTERY,BATTERY-SIMPLE,05/07/2020,2600 BLOCK BANYAN CT,33613
1228336,2020-305397          ,THEFT,THEFT MOTOR VEHICLE PARTS,05/07/2020,13600 BLOCK 12TH ST N,33613
1228386,2020-305259          ,BURGLARY,THEFT FROM A VEHICLE,05/07/2020,1200 BLOCK SKIPPER RD,33613
1228408,2020-306138          ,MISCHIEF,CRIMINAL MISCHIEF MISDEMEANOR,05/07/2020,3600 BLOCK JEFFERSON COMMONS DR,33613
1228450,2020-1500935         ,FRAUD,FRAUD-SWINDLE,05/07/2020,15300 BLOCK NEBRASKA AV N,33613
1228453,2020-304718          ,BATTERY,BATTERY-SIMPLE,05/07/2020,2600 BLOCK BANYAN CT,33613
1228466,2020-1500951         ,THEFT,SHOPLIFTING,05/08/2020,13600 BLOCK UNIVERSITY PZ,33613
1228467,2020-307079          ,BURGLARY,THEFT FROM A VEHICLE,05/08/2020,3000 BLOCK GATES DR,33613
1228476,2020-306583          ,BATTERY,BATTERY-SIMPLE,05/08/2020,13700 BLOCK 20TH ST N,33613
1228484,2020-307920          ,BATTERY,BATTERY-SIMPLE,05/08/2020,14900 BLOCK PINECREST RD,33613
1228532,2020-306912          ,MISCHIEF,CRIMINAL MISCHIEF MISDEMEANOR,05/08/2020,4200 BLOCK MONTICELLO GARDENS PL,33613
1228566,2020-306766          ,BATTERY,BATTERY-SIMPLE,05/08/2020,1200 BLOCK SAND LAKE CR,33613
1228585,2020-307875          ,TRAFFIC,Non Incapacitating Injury,05/08/2020,19TH ST N  /  136TH AV E,33613
1228629,2020-307438          ,DRUGS,DRUGS/NARCOTICS,05/08/2020,2000 BLOCK 143RD AV E,33613
1228649,2020-309545          ,TRAFFIC,Property Damage,05/09/2020,137TH AV E  /  19TH ST N,33613
1228650,2020-309335          ,TRAFFIC,Property Damage,05/09/2020,BRUCE B DOWNS BL  /  138TH AV E,33613
1228664,2020-309506          ,BATTERY,BATTERY-SIMPLE,05/09/2020,14400 BLOCK REUTER STRASSE CR,33613
1228714,2020-309936          ,MISCHIEF,CRIMINAL MISCHIEF MISDEMEANOR,05/09/2020,14900 BLOCK FLORIDA AV N,33613
1228744,2020-310367          ,BATTERY,BATTERY-SIMPLE,05/09/2020,13700 BLOCK SUSAN KAY DR,33613
1228813,2020-311041          ,BATTERY,BATTERY-SIMPLE,05/10/2020,1200 BLOCK FOUR SEASONS BL,33613
1228876,2020-1501059         ,FRAUD,FRAUD-SWINDLE,05/10/2020,14500 BLOCK SEAFORD CR,33613
1228907,2020-312110          ,THEFT,THEFT OF BICYCLE,05/10/2020,3800 BLOCK WOODSPRING LN,33613
1228911,2020-311793          ,BATTERY,BATTERY-AGGRAVATED,05/10/2020,14000 BLOCK SAN CASA PL,33613
1228939,2020-312767          ,TRAFFIC,Property Damage,05/11/2020,BRUCE B DOWNS BL  /  BEARSS AV E,33613
1229040,2020-314307          ,MISCHIEF,CRIMINAL MISCHIEF MISDEMEANOR,05/11/2020,13700 BLOCK 19TH ST N,33613
1229045,2020-312965          ,MISCHIEF,CRIMINAL MISCHIEF MISDEMEANOR,05/11/2020,13700 BLOCK SUSAN KAY DR,33613
1229057,2020-313273          ,BATTERY,BATTERY-SIMPLE,05/11/2020,1200 BLOCK SKIPPER RD,33613
1229067,2020-314347          ,FIRE,FIRE INVESTIGATION,05/11/2020,2300 BLOCK BEARSS AV E,33613
1229127,2020-315740          ,THEFT,THEFT MOTOR VEHICLE PARTS,05/12/2020,13600 BLOCK 12TH ST N,33613
1229155,2020-315092          ,THEFT,THEFT MOTOR VEHICLE PARTS,05/12/2020,14700 BLOCK FLORIDA AV N,33613
1229212,2020-316602          ,DUI,DUI (DRIVING UNDER INFLUENCE),05/12/2020,HANNA RD  /  NEBRASKA AV N,33549
1229244,2020-316331          ,BATTERY,BATTERY-AGGRAVATED,05/12/2020,13900 BLOCK 19TH ST N,33613
1229254,2020-316470          ,TRAFFIC,Property Damage,05/12/2020,HANNA RD  /  NEBRASKA AV N,33549
1229290,2020-315576          ,FIRE,FIRE INVESTIGATION,05/12/2020,3100 BLOCK FLETCHER AV E,33613
1229347,2020-317192          ,BATTERY,BATTERY-SIMPLE,05/13/2020,14500 BLOCK PRISM CR,33613
1229394,2020-1501278         ,FRAUD,FRAUD-SWINDLE,05/13/2020,14500 BLOCK FLORIDA AV N,33613
1229487,2020-318031          ,BATTERY,BATTERY-SIMPLE,05/13/2020,300 BLOCK 137TH AV E,33613
1229504,2020-318130          ,THEFT,THEFT MOTOR VEHICLE PARTS,05/13/2020,14400 BLOCK 19TH ST N,33613
1229515,2020-318038          ,THEFT,SHOPLIFTING,05/13/2020,15300 BLOCK NEBRASKA AV N,33613
1229598,2020-320777          ,THEFT,THEFT OF BICYCLE,05/14/2020,12TH ST N  /  142ND AV E,33613
1229661,2020-319746          ,TRAFFIC,Non Incapacitating Injury,05/14/2020,1500 BLOCK SKIPPER RD,33613
1229699,2020-319172          ,BATTERY,BATTERY ON ELDERLY - SIMPLE,05/14/2020,1000 BLOCK HARDY DR,33613
1229734,2020-323174          ,TRAFFIC,Property Damage,05/15/2020,FLETCHER AV E  /  46TH ST N,33613
1229757,2020-321578          ,MISCHIEF,CRIMINAL MISCHIEF MISDEMEANOR,05/15/2020,14200 BLOCK 19TH ST N,33613
1229800,2020-323382          ,ASSAULT,AGGRAVATED ASSAULT,05/15/2020,3400 BLOCK JEFFERSON COMMONS DR,33613
1229815,2020-323675          ,BATTERY,BATTERY-SIMPLE,05/15/2020,2000 BLOCK HOLLY CT,33613
1229835,2020-322166          ,BURGLARY,THEFT FROM A VEHICLE,05/15/2020,2000 BLOCK GREGORY DR,33613
1229867,2020-322449          ,BATTERY,BATTERY-SIMPLE,05/15/2020,14400 BLOCK HELLENIC DR,33613
1229924,2020-324692          ,THEFT,THEFT VEHICLE & OTHER MOBILE,05/16/2020,1500 BLOCK 142ND AV E,33613
1229936,2020-324538          ,BATTERY,BATTERY-SIMPLE,05/16/2020,1200 BLOCK 139TH AV E,33613
1229996,2020-325232          ,BURGLARY,THEFT FROM A VEHICLE,05/16/2020,2200 BLOCK BEARSS AV E,33613
1230062,2020-324483          ,TRAFFIC,Property Damage,05/16/2020,FLORAL DR  /  FLORIDA AV N,33613
1230082,2020-323973          ,TRAFFIC,Property Damage,05/16/2020,SHADY SHORES DR  /  CAPE BEND AV,33613
1230091,2020-325579          ,DRUGS,DRUGS/NARCOTICS,05/16/2020,13700 BLOCK 19TH ST N,33613
1230096,2020-325832          ,BATTERY,BATTERY-SIMPLE,05/16/2020,4300 BLOCK SHIRE CT,33613
1230125,2020-327313          ,TRAFFIC,Property Damage,05/17/2020,42ND ST N  /  BRUCE B DOWNS BL,33613
1230145,2020-326783          ,BATTERY,BATTERY-SIMPLE,05/17/2020,13700 BLOCK 19TH ST N,33613
1230146,2020-326783          ,MISCHIEF,CRIMINAL MISCHIEF MISDEMEANOR,05/17/2020,13700 BLOCK 19TH ST N,33613
1230167,2020-327409          ,MISCHIEF,CRIMINAL MISCHIEF MISDEMEANOR,05/17/2020,14900 BLOCK FLORIDA AV N,33613
1230229,2020-326570          ,ROBBERY,PERSON - ROBBERY,05/17/2020,14300 BLOCK WEDGEWOOD CR,33613
1230287,2020-329461          ,BATTERY,BATTERY-SIMPLE,05/18/2020,1400 BLOCK 139TH AV E,33613
1230315,2020-1501097         ,FRAUD,FRAUD-IMPERSONATION,05/18/2020,14600 BLOCK BANYAN BLUFF DR,33613
1230447,2020-329605          ,BATTERY,BATTERY-SIMPLE,05/18/2020,13700 BLOCK 19TH ST N,33613
1230455,2020-329894          ,BURGLARY,THEFT FROM A VEHICLE,05/18/2020,2200 BLOCK BEARSS AV E,33613
1230488,2020-330745          ,TRAFFIC,Property Damage,05/19/2020,BRUCE B DOWNS BL  /  BEARSS AV E,33613
1230490,2020-331489          ,TRAFFIC,Non Incapacitating Injury,05/19/2020,FLETCHER AV E  /  46TH ST N,33613
1230610,2020-1501100         ,FRAUD,FRAUD-CREDIT CARD,05/19/2020,13700 BLOCK 42ND ST N,33613
1230617,2020-330808          ,DRUGS,DRUGS/NARCOTICS,05/19/2020,136TH AV E  /  22ND ST N,33613
1230619,2020-331153          ,THEFT,SHOPLIFTING,05/19/2020,15300 BLOCK NEBRASKA AV N,33613
1230657,2020-331863          ,BATTERY,BATTERY-SIMPLE,05/19/2020,1800 BLOCK 143RD AV E,33613
1230665,2020-330912          ,BURGLARY,THEFT FROM A VEHICLE,05/19/2020,14500 BLOCK BRUCE B DOWNS BL,33613
1230676,2020-333127          ,THEFT,THEFT MOTOR VEHICLE PARTS,05/20/2020,1500 BLOCK COLLEGE CT,33613
1230677,2020-333127          ,MISCHIEF,CRIMINAL MISCHIEF MISDEMEANOR,05/20/2020,1500 BLOCK COLLEGE CT,33613
1230683,2020-333176          ,DRUGS,DRUGS/NARCOTICS,05/20/2020,46TH ST N  /  WINDING MOSS TL,33613
1230684,2020-333176          ,DRUGS,DRUGS/NARCOTICS,05/20/2020,46TH ST N  /  WINDING MOSS TL,33613
1230685,2020-333176          ,DRUGS,DRUG PARAPHERNALIA,05/20/2020,46TH ST N  /  WINDING MOSS TL,33613
1230698,2020-333979          ,DRUGS,DRUG TRAFFICKING/DELIVERY,05/20/2020,13700 BLOCK 19TH ST N,33613
1230774,2020-1501184         ,FRAUD,FRAUD-CREDIT CARD,05/20/2020,2200 BLOCK CEDAR TRACE CR,33613
1230783,2020-333464          ,FRAUD,FRAUD-OTHER,05/20/2020,16600 BLOCK MILLAN DE AVILA,33613
1230878,2020-334971          ,BURGLARY,THEFT FROM A VEHICLE,05/20/2020,14400 BLOCK HELLENIC DR,33613
1230896,2020-336718          ,TRAFFIC,Non Incapacitating Injury,05/21/2020,BEARSS AV E  /  30TH ST N,33613
1230915,2020-334687          ,TRAFFIC,Incapacitating,05/21/2020,BRUCE B DOWNS BL / 37TH ST N,33613
1230922,2020-337372          ,BATTERY,BATTERY-SIMPLE,05/21/2020,14200 BLOCK SHADOW MOSS LN,33613
1231048,2020-337325          ,ASSAULT,AGGRAVATED ASSAULT,05/21/2020,14300 BLOCK LUCERNE DR,33613
1231091,2020-339143          ,DRUGS,DRUGS/NARCOTICS,05/22/2020,143RD AV E  /  22ND ST N,33613
1231102,2020-339250          ,DRUGS,DRUG PARAPHERNALIA,05/22/2020,13500 BLOCK FLORIDA AV N,33613
1231138,2020-339275          ,MISCHIEF,CRIMINAL MISCHIEF MISDEMEANOR,05/22/2020,1300 BLOCK FOUR SEASONS BL,33613
1231146,2020-339337          ,MISCHIEF,CRIMINAL MISCHIEF MISDEMEANOR,05/22/2020,14900 BLOCK BRUCE B DOWNS BL,33613
1231152,2020-339761          ,DRUGS,DRUGS/NARCOTICS,05/22/2020,BRUCE B DOWNS BL  /  138TH AV E,33613
1231153,2020-339761          ,DRUGS,DRUG PARAPHERNALIA,05/22/2020,BRUCE B DOWNS BL  /  138TH AV E,33613
1231177,2020-338855          ,BATTERY,FELONY BATTERY,05/22/2020,14000 BLOCK NEBRASKA AV N,33613
1231178,2020-338855          ,ASSAULT,AGGRAVATED ASSAULT,05/22/2020,14000 BLOCK NEBRASKA AV N,33613
1231194,2020-339738          ,THEFT,SHOPLIFTING,05/22/2020,15300 BLOCK NEBRASKA AV N,33613
1231198,2020-339061          ,BURGLARY,BURGLARY RESIDENCE / NO FORCE,05/22/2020,14900 BLOCK BOULEVARD N,33613
1231200,2020-337794          ,TRAFFIC,Property Damage,05/22/2020,46TH ST N  /  SWEETWATER LAKE DR,33613
1231204,2020-338412          ,TRAFFIC,Property Damage,05/22/2020,BRUCE B DOWNS BL  /  GRAND PAVILION DR,33613
1231313,2020-341335          ,FRAUD,FRAUD-SWINDLE,05/23/2020,15300 BLOCK NEBRASKA AV N,33613
1231326,2020-341015          ,BATTERY,BATTERY-SIMPLE,05/23/2020,2000 BLOCK HOLLY CT,33613
1231363,2020-340768          ,BATTERY,BATTERY-SIMPLE,05/23/2020,13800 BLOCK AZALEA CR,33613
1231377,2020-342045          ,DRUGS,DRUGS/NARCOTICS,05/23/2020,19TH ST N  /  139TH AV E,33613
1231434,2020-342914          ,BATTERY,BATTERY-AGGRAVATED,05/24/2020,13700 BLOCK 19TH ST N,33613
1231438,2020-342899          ,BATTERY,BATTERY-SIMPLE,05/24/2020,400 BLOCK BEARSS AV E,33613
1231465,2020-344127          ,DUI,DUI (DRIVING UNDER INFLUENCE),05/24/2020,13900 BLOCK FLORIDA AV N,33613
1231486,2020-343415          ,MISCHIEF,CRIMINAL MISCHIEF FELONY,05/24/2020,14000 BLOCK SAULK CT,33613
1231497,2020-343871          ,ASSAULT,AGGRAVATED ASSAULT,05/24/2020,1200 BLOCK 138TH AV E,33613
1231513,2020-343494          ,THEFT,PETIT THEFT - ALL OTHER,05/24/2020,100 BLOCK PECOS WY,33613
1231521,2020-343004          ,BATTERY,BATTERY-SIMPLE,05/24/2020,3700 BLOCK JEFFERSON COMMONS DR,33613
1231541,2020-343886          ,TRAFFIC,Non Incapacitating Injury,05/24/2020,BRUCE B DOWNS BL  /  138TH AV E,33613
1231688,2020-345644          ,BURGLARY,THEFT FROM A VEHICLE,05/25/2020,14900 BLOCK WEDGEWOOD PL,33613
1231766,2020-348767          ,DRUGS,DRUGS/NARCOTICS,05/26/2020,139TH AV E  /  15TH ST N,33613
1231836,2020-348404          ,DUI,DUI (DRIVING UNDER INFLUENCE),05/26/2020,FLETCHER AV E  /  USF PALM DR,33613
1231853,2020-347044          ,THEFT,THEFT MOTOR VEHICLE PARTS,05/26/2020,14800 BLOCK FLORIDA AV N,33613
1231861,2020-347679          ,FRAUD,FRAUD-SWINDLE,05/26/2020,15300 BLOCK NEBRASKA AV N,33613
1231981,2020-350364          ,FRAUD,FRAUD-CREDIT CARD,05/27/2020,4000 BLOCK WOODSPRING LN,33613
1232038,2020-351191          ,BATTERY,BATTERY-SIMPLE,05/27/2020,2100 BLOCK 142ND AV E,33613
1232153,2020-350722          ,DRUGS,DRUGS/NARCOTICS,05/27/2020,138TH AV E  /  12TH ST N,33613
1232193,2020-353478          ,FRAUD,FRAUD-SWINDLE,05/28/2020,13700 BLOCK 42ND ST N,33613
1232287,2020-353128          ,FRAUD,FRAUD-SWINDLE,05/28/2020,15300 BLOCK NEBRASKA AV N,33613
1232305,2020-351874          ,TRAFFIC,Non Incapacitating Injury,05/28/2020,FLETCHER AV E  /  USF MAGNOLIA DR,33613
1232308,2020-353330          ,TRAFFIC,Property Damage,05/28/2020,BRUCE B DOWNS BL  /  BEARSS AV E,33613
1232337,2020-351687          ,DRUGS,DRUG PARAPHERNALIA,05/28/2020,BRUCE B DOWNS BL  /  138TH AV E,33613
1232338,2020-351687          ,DRUGS,DRUG PARAPHERNALIA,05/28/2020,BRUCE B DOWNS BL  /  138TH AV E,33613
1232365,2020-353447          ,BATTERY,BATTERY-SIMPLE,05/28/2020,14400 BLOCK HELLENIC DR,33613
1232381,2020-355292          ,TRAFFIC,Property Damage,05/29/2020,BRUCE B DOWNS BL  /  LAKE FOREST DR,33613
1232384,2020-348543          ,TRAFFIC,Property Damage,05/29/2020,14100 BLOCK 20TH ST N,33613
1232388,2020-355508          ,TRAFFIC,Property Damage,05/29/2020,BRUCE B DOWNS BL  /  UNIVERSITY PZ,33613
1232400,2020-354205          ,TRAFFIC,Property Damage,05/29/2020,1800 BLOCK MAGDALENE MANOR DR,33613
1232420,2020-355424          ,BATTERY,BATTERY-SIMPLE,05/29/2020,13500 BLOCK UNIVERSITY PZ,33613
1232460,2020-355696          ,MISCHIEF,CRIMINAL MISCHIEF MISDEMEANOR,05/29/2020,14700 BLOCK BANYAN BLUFF DR,33613
1232528,2020-356090          ,DUI,DUI (DRIVING UNDER INFLUENCE),05/29/2020,19TH ST N  /  139TH AV E,33613
1232530,2020-372345          ,DUI,DUI (DRIVING UNDER INFLUENCE),05/29/2020,19TH ST N  /  139TH AV E,33613
1232588,2020-357137          ,BURGLARY,THEFT FROM A VEHICLE,05/30/2020,3700 BLOCK JEFFERSON COMMONS DR,33613
1232607,2020-356467          ,DRUGS,DRUGS/NARCOTICS,05/30/2020,138TH AV E  /  19TH ST N,33613
1232699,2020-360150          ,TRAFFIC,Non Incapacitating Injury,05/31/2020,BOULEVARD N  /  JUSTICE DR,33613
1232706,2020-359340          ,MISCHIEF,CRIMINAL MISCHIEF MISDEMEANOR,05/31/2020,1500 BLOCK 140TH AV E,33613
1232709,2020-359133          ,BATTERY,BATTERY-SIMPLE,05/31/2020,4000 BLOCK CAMBRIDGE WOODS DR,33613
1232721,2020-360505          ,MISCHIEF,CRIMINAL MISCHIEF MISDEMEANOR,05/31/2020,2800 BLOCK BEARSS AV E,33613
1232724,2020-358618          ,BURGLARY,BURGLARY BUSINESS/ FORCED,05/31/2020,14900 BLOCK FLORIDA AV N,33613
1232892,2020-360715          ,DUI,DUI (DRIVING UNDER INFLUENCE),06/01/2020,22ND ST N  /  142ND AV E,33613
1232922,2020-361604          ,THEFT,THEFT VEHICLE & OTHER MOBILE,06/01/2020,14400 BLOCK FLORIDA AV N,33613
1232925,2020-361164          ,BURGLARY,BURGLARY BUSINESS/ FORCED,06/01/2020,2200 BLOCK BEARSS AV E,33613
1233002,2020-361745          ,TRAFFIC,Property Damage,06/01/2020,BOULEVARD N  /  JUSTICE DR,33613
1233035,2020-361865          ,MISCHIEF,CRIMINAL MISCHIEF MISDEMEANOR,06/01/2020,14400 BLOCK HENSEL LN,33613
1233199,2020-363504          ,BURGLARY,BURGLARY BUSINESS/ FORCED,06/02/2020,13600 BLOCK 12TH ST N,33613
1233200,2020-363504          ,MISCHIEF,CRIMINAL MISCHIEF MISDEMEANOR,06/02/2020,13600 BLOCK 12TH ST N,33613
1233256,2020-364122          ,THEFT,THEFT OF BICYCLE,06/02/2020,15500 BLOCK LAKESHORE VILLA DR,33613
1233284,2020-366002          ,FRAUD,FRAUD-SWINDLE,06/03/2020,15300 BLOCK NEBRASKA AV N,33613
1233339,2020-366234          ,FRAUD,FRAUD-OTHER,06/03/2020,13600 BLOCK 12TH ST N,33613
1233343,2020-366896          ,THEFT,THEFT VEHICLE & OTHER MOBILE,06/03/2020,1300 BLOCK AUTUMN DR,33613
1233349,2020-367602          ,BATTERY,BATTERY-AGGRAVATED,06/03/2020,13700 BLOCK GRAGSTON CR,33613
1233354,2020-365478          ,BURGLARY,BURGLARY BUSINESS/ FORCED,06/03/2020,13500 BLOCK FLORIDA AV N,33613
1233363,2020-367289          ,THEFT,PETIT THEFT - ALL OTHER,06/03/2020,14900 BLOCK BRUCE B DOWNS BL,33613
1233386,2020-367131          ,TRAFFIC,Property Damage,06/03/2020,BEARSS AV E  /  GREGORY DR,33613
1233399,2020-367159          ,TRAFFIC,Non Incapacitating Injury,06/03/2020,I275 S  /  BEARSS AV E,33613
1233451,2020-368725          ,TRAFFIC,Property Damage,06/04/2020,BRUCE B DOWNS BL  /  SKIPPER RD,33613
1233458,2020-368465          ,TRAFFIC,Non Incapacitating Injury,06/04/2020,43RD ST N  /  SKIPPER RD,33613
1233464,2020-369330          ,TRAFFIC,Property Damage,06/04/2020,17TH ST N  /  BEARSS AV E,33549
1233507,2020-369360          ,BATTERY,BATTERY-SIMPLE,06/04/2020,14400 BLOCK ODYESSY DR,33613
1233545,2020-369030          ,THEFT,THEFT MOTOR VEHICLE PARTS,06/04/2020,14900 BLOCK NEBRASKA AV N,33613
1233553,2020-367721          ,MISCHIEF,CRIMINAL MISCHIEF MISDEMEANOR,06/04/2020,3200 BLOCK COVE BEND DR,33613
1233560,2020-368243          ,BURGLARY,THEFT FROM A VEHICLE,06/04/2020,14600 BLOCK 43RD ST N,33613
1233594,2020-368811          ,FRAUD,FRAUD-SWINDLE,06/04/2020,15300 BLOCK NEBRASKA AV N,33613
1233615,2020-368558          ,THEFT,THEFT MOTOR VEHICLE PARTS,06/04/2020,14300 BLOCK NEBRASKA AV N,33613
1233651,2020-1501291         ,THEFT,SHOPLIFTING,06/05/2020,15300 BLOCK NEBRASKA AV N,33613
1233687,2020-370485          ,THEFT,THEFT VEHICLE & OTHER MOBILE,06/05/2020,14200 BLOCK CYBER PL,33613
1233699,2020-371056          ,THEFT,SHOPLIFTING,06/05/2020,15300 BLOCK NEBRASKA AV N,33613
1233779,2020-370496          ,THEFT,THEFT FROM A BUILDING,06/05/2020,3100 BLOCK FLETCHER AV E,33613
1233809,2020-372237          ,TRAFFIC,Property Damage,06/06/2020,BRUCE B DOWNS BL  /  138TH AV E,33613
1233901,2020-372400          ,MISCHIEF,CRIMINAL MISCHIEF MISDEMEANOR,06/06/2020,13800 BLOCK PINE CONE CT,33613
1233978,2020-375304          ,THEFT,SHOPLIFTING,06/07/2020,200 BLOCK BEARSS AV E,33613
1234013,2020-375339          ,BATTERY,BATTERY-SIMPLE,06/07/2020,14500 BLOCK SEAFORD CR,33613
1234034,2020-374772          ,TRAFFIC,Property Damage,06/07/2020,BRUCE B DOWNS BL  /  BEARSS AV E,33613
1234068,2020-374525          ,BURGLARY,BURGLARY RESIDENCE / FORCED,06/07/2020,2000 BLOCK 136TH AV E,33613
1234144,2020-376917          ,BURGLARY,THEFT FROM A VEHICLE,06/08/2020,14900 BLOCK WARMAN ST,33613
1234190,2020-376797          ,BURGLARY,THEFT FROM A VEHICLE,06/08/2020,13600 BLOCK FLETCHER REGENCY DR,33613
1234219,2020-377417          ,BATTERY,BATTERY-SIMPLE,06/08/2020,1500 BLOCK COLLEGE CT,33613
1234245,2020-379150          ,THEFT,THEFT MOTOR VEHICLE PARTS,06/09/2020,1900 BLOCK BEARSS AV E,33613
1234339,2020-380302          ,BURGLARY,BURGLARY RESIDENCE / FORCED,06/09/2020,300 BLOCK WINDWOOD OAKS DR,33613
1234340,2020-380302          ,THEFT,GRAND THEFT - ALL OTHER,06/09/2020,300 BLOCK WINDWOOD OAKS DR,33613
1234347,2020-378262          ,DRUGS,DRUGS/NARCOTICS,06/09/2020,143RD AV E  /  18TH ST N,33613
1234375,2020-379964          ,TRAFFIC,Property Damage,06/09/2020,19TH ST N  /  138TH AV E,33613
1234378,2020-379962          ,DUI,DUI (DRIVING UNDER INFLUENCE),06/09/2020,BEARSS AV E  /  GREGORY DR,33613
1234452,2020-382153          ,TRAFFIC,Property Damage,06/10/2020,42ND ST N  /  SKIPPER RD,33613
1234485,2020-382018          ,BURGLARY,THEFT FROM A VEHICLE,06/10/2020,3400 BLOCK JEFFERSON COMMONS DR,33613
1234601,2020-381696          ,FRAUD,FRAUD-OTHER,06/10/2020,15300 BLOCK NEBRASKA AV N,33613
1234610,2020-381480          ,BATTERY,BATTERY-SIMPLE,06/10/2020,13700 BLOCK 19TH ST N,33613
1234640,2020-383858          ,THEFT,SHOPLIFTING,06/11/2020,15300 BLOCK NEBRASKA AV N,33613
1234715,2020-385066          ,DRUGS,DRUGS/NARCOTICS,06/11/2020,13500 BLOCK NEBRASKA AV N,33613
1234735,2020-384428          ,THEFT,GRAND THEFT - ALL OTHER,06/11/2020,14200 BLOCK CYBER PL,33613
1234768,2020-383539          ,TRAFFIC,Property Damage,06/11/2020,BEARSS AV E  /  BRUCE B DOWNS BL,33613
1234797,2020-384022          ,BATTERY,BATTERY-SIMPLE,06/11/2020,13600 BLOCK 21ST ST N,33613
1234803,2020-384596          ,THEFT,THEFT MOTOR VEHICLE PARTS,06/11/2020,14900 BLOCK FLORIDA AV N,33613
1234829,2020-387370          ,TRAFFIC,Property Damage,06/12/2020,2200 BLOCK BEARSS AV E,33613
1234831,2020-385330          ,TRAFFIC,Property Damage,06/12/2020,COVE BEND DR  /  30TH ST N,33613
1234878,2020-387102          ,THEFT,THEFT VEHICLE & OTHER MOBILE,06/12/2020,3600 BLOCK DATA DR,33613
1234950,2020-386382          ,BATTERY,BATTERY-SIMPLE,06/12/2020,14000 BLOCK 22ND ST N,33613
1234999,2020-387136          ,THEFT,THEFT MOTOR VEHICLE PARTS,06/12/2020,14000 BLOCK NEBRASKA AV N,33613
1235005,2020-387264          ,ASSAULT,AGGRAVATED ASSAULT,06/12/2020,13700 BLOCK 19TH ST N,33613
1235015,2020-1501650         ,FRAUD,FRAUD-IMPERSONATION,06/12/2020,14400 BLOCK HELLENIC DR,33613
1235045,2020-387629          ,BATTERY,BATTERY-SIMPLE,06/13/2020,13700 BLOCK GRAGSTON CR,33613
1235051,2020-387875          ,FIRE,FIRE INVESTIGATION,06/13/2020,1900 BLOCK BEARSS AV E,33613
1235059,2020-388686          ,BURGLARY,THEFT FROM A VEHICLE,06/13/2020,3900 BLOCK ROCKY CR,33613
1235109,2020-388944          ,BATTERY,BATTERY-SIMPLE,06/13/2020,14000 BLOCK SAN CASA PL,33613
1235114,2020-389301          ,TRAFFIC,Non Incapacitating Injury,06/13/2020,FLETCHER AV E  /  42ND ST N,33613
1235131,2020-388406          ,TRAFFIC,Property Damage,06/13/2020,BEARSS AV E  /  22ND ST N,33613
1235182,2020-390789          ,TRAFFIC,Non Incapacitating Injury,06/14/2020,ROCKY CR  /  42ND ST N,33613
1235221,2020-390938          ,BATTERY,BATTERY-SIMPLE,06/14/2020,13500 BLOCK UNIVERSITY PZ,33613
1235243,2020-391059          ,FRAUD,FRAUD-SWINDLE,06/14/2020,15300 BLOCK NEBRASKA AV N,33613
1235244,2020-391122          ,BATTERY,BATTERY-SIMPLE,06/14/2020,3700 BLOCK JEFFERSON COMMONS DR,33613
1235279,2020-391110          ,THEFT,SHOPLIFTING,06/14/2020,15300 BLOCK NEBRASKA AV N,33613
1235286,2020-391728          ,BURGLARY,THEFT FROM A VEHICLE,06/14/2020,14400 BLOCK DAKE LN,33613
1235301,2020-391094          ,BATTERY,BATTERY-SIMPLE,06/14/2020,700 BLOCK DEBBIE CR,33613
1235319,2020-393350          ,MISCHIEF,CRIMINAL MISCHIEF MISDEMEANOR,06/15/2020,13700 BLOCK NEBRASKA AV N,33613
1235334,2020-393594          ,BATTERY,BATTERY-SIMPLE,06/15/2020,14500 BLOCK VALOR CR,33613
1235344,2020-393560          ,MISCHIEF,CRIMINAL MISCHIEF MISDEMEANOR,06/15/2020,13600 BLOCK 22ND ST N,33613
1235345,2020-393784          ,BATTERY,BATTERY-SIMPLE,06/15/2020,1200 BLOCK SKIPPER RD,33613
1235378,2020-393719          ,BATTERY,BATTERY-SIMPLE,06/15/2020,1500 BLOCK 140TH AV E,33613
1235398,2020-393272          ,BURGLARY,THEFT FROM A VEHICLE,06/15/2020,3100 BLOCK GRAND PAVILION DR,33613
1235434,2020-393590          ,FRAUD,FRAUD-SWINDLE,06/15/2020,15300 BLOCK NEBRASKA AV N,33613
1235456,2020-392019          ,BATTERY,BATTERY ON ELDERLY - SIMPLE,06/15/2020,1800 BLOCK 143RD AV E,33613
1235460,2020-392205          ,TRAFFIC,Property Damage,06/15/2020,NEBRASKA AV N  /  142ND AV E,33613
1235537,2020-394576          ,TRAFFIC,Property Damage,06/16/2020,BRUCE B DOWNS BL  /  SKIPPER RD,33613
1235538,2020-394554          ,TRAFFIC,Property Damage,06/16/2020,14400 BLOCK 19TH ST N,33613
1235642,2020-1501396         ,THEFT,SHOPLIFTING,06/16/2020,13600 BLOCK UNIVERSITY PZ,33613
1235670,2020-395735          ,BATTERY,FELONY BATTERY,06/16/2020,14300 BLOCK LUCERNE DR,33613
1235675,2020-395503          ,THEFT,THEFT FROM A BUILDING,06/16/2020,4200 BLOCK WOODSPRING LN,33613
1235735,2020-396423          ,BURGLARY,THEFT FROM A VEHICLE,06/16/2020,4400 BLOCK VIEUX CARRE CR,33613
1235736,2020-396423          ,THEFT,PETIT THEFT - ALL OTHER,06/16/2020,4400 BLOCK VIEUX CARRE CR,33613
1235787,2020-396906          ,DRUGS,DRUGS/NARCOTICS,06/17/2020,13600 BLOCK 20TH ST N,33613
1235788,2020-396906          ,DRUGS,DRUG PARAPHERNALIA,06/17/2020,13600 BLOCK 20TH ST N,33613
1235798,2020-396664          ,BATTERY,BATTERY-SIMPLE,06/17/2020,4000 BLOCK ROCKY CR,33613
1235800,2020-396786          ,THEFT,PETIT THEFT - ALL OTHER,06/17/2020,1900 BLOCK 138TH AV E,33613
1235806,2020-398457          ,MURDER,JUSTIFIABLE HOMICIDE,06/17/2020,13600 BLOCK 15TH ST N,33613
1235815,2020-398569          ,BATTERY,BATTERY-SIMPLE,06/17/2020,1500 BLOCK 142ND AV E,33613
1235843,2020-398279          ,BURGLARY,BURGLARY RESIDENCE / FORCED,06/17/2020,13700 BLOCK SUSAN KAY DR,33613
1235846,2020-1501411         ,FRAUD,FRAUD-CREDIT CARD,06/17/2020,13800 BLOCK HERITAGE CLUB DR,33613
1235892,2020-397753          ,TRAFFIC,Property Damage,06/17/2020,BOULEVARD N  /  JUSTICE DR,33613
1235893,2020-397910          ,TRAFFIC,Property Damage,06/17/2020,BEARSS AV E  /  18TH ST N,33613
1235930,2020-1501403         ,FRAUD,FRAUD-IMPERSONATION,06/17/2020,1800 BLOCK FRENCH CREEK RD,33613
1235938,2020-397903          ,THEFT,SHOPLIFTING,06/17/2020,15300 BLOCK NEBRASKA AV N,33613
1235939,2020-397916          ,MISCHIEF,CRIMINAL MISCHIEF FELONY,06/17/2020,14900 BLOCK BRUCE B DOWNS BL,33613
1235962,2020-400152          ,TRAFFIC,Non Incapacitating Injury,06/18/2020,BRUCE B DOWNS BL  /  COVE BEND DR,33613
1236016,2020-400232          ,FRAUD,FRAUD-SWINDLE,06/18/2020,15300 BLOCK NEBRASKA AV N,33613
1236057,2020-399970          ,BURGLARY,BURGLARY RESIDENCE / FORCED,06/18/2020,14900 BLOCK WARMAN ST,33613
1236097,2020-399839          ,BATTERY,BATTERY-SIMPLE,06/18/2020,13600 BLOCK BRUCE B DOWNS BL,33613
1236148,2020-402428          ,BATTERY,BATTERY-SIMPLE,06/19/2020,2200 BLOCK BEARSS AV E,33613
1236157,2020-402526          ,FRAUD,FRAUD-SWINDLE,06/19/2020,15300 BLOCK NEBRASKA AV N,33613
1236158,2020-402526          ,DRUGS,DRUG PARAPHERNALIA,06/19/2020,15300 BLOCK NEBRASKA AV N,33613
1236168,2020-403034          ,BATTERY,BATTERY-SIMPLE,06/19/2020,1400 BLOCK FOUR SEASONS BL,33613
1236179,2020-402717          ,THEFT,THEFT MOTOR VEHICLE PARTS,06/19/2020,100 BLOCK 143RD AV E,33613
1236238,2020-401181          ,DUI,DUI (DRIVING UNDER INFLUENCE),06/19/2020,FLETCHER AV E  /  46TH ST N,33613
1236279,2020-401121          ,TRAFFIC,Property Damage,06/19/2020,FLETCHER AV E  /  46TH ST N,33613
1236347,2020-404831          ,TRAFFIC,Property Damage,06/20/2020,FLORIDA AV N  /  138TH AV W,33613
1236386,2020-404789          ,THEFT,SHOPLIFTING,06/20/2020,14500 BLOCK NEBRASKA AV N,33613
1236395,2020-404663          ,FRAUD,FRAUD-SWINDLE,06/20/2020,15300 BLOCK NEBRASKA AV N,33613
1236468,2020-404301          ,BATTERY,BATTERY-SIMPLE,06/20/2020,3500 BLOCK PALM CROSSING DR,33613
1236485,2020-403704          ,ASSAULT,AGGRAVATED ASSAULT,06/20/2020,1200 BLOCK MAGDALENE HILL DR,33613
1236486,2020-403704          ,BATTERY,BATTERY-SIMPLE,06/20/2020,1200 BLOCK MAGDALENE HILL DR,33613
1236501,2020-406846          ,BURGLARY,THEFT FROM A VEHICLE,06/21/2020,14400 BLOCK HELLENIC DR,33613
1236505,2020-406538          ,THEFT,PETIT THEFT - ALL OTHER,06/21/2020,14700 BLOCK FLORIDA AV N,33613
1236506,2020-406538          ,MISCHIEF,CRIMINAL MISCHIEF FELONY,06/21/2020,14700 BLOCK FLORIDA AV N,33613
1236607,2020-406709          ,TRAFFIC,Property Damage,06/21/2020,140TH AV E  /  12TH ST N,33613
1236621,2020-407137          ,TRAFFIC,Non Incapacitating Injury,06/21/2020,FLETCHER AV E  /  42ND ST N,33613
1236636,2020-406832          ,FRAUD,FRAUD-SWINDLE,06/21/2020,15300 BLOCK NEBRASKA AV N,33613
1236651,2020-406306          ,ASSAULT,AGGRAVATED ASSAULT,06/21/2020,FLORIDA AV N  /  138TH AV E,33613
1236760,2020-408801          ,MURDER,HOMICIDES,06/22/2020,15400 BLOCK LAKESHORE VILLA DR,33613
1236802,2020-409100          ,MISCHIEF,CRIMINAL MISCHIEF MISDEMEANOR,06/22/2020,400 BLOCK LAKEWOOD AV,33613
1236814,2020-408856          ,FRAUD,FRAUD-SWINDLE,06/22/2020,15300 BLOCK NEBRASKA AV N,33613
1236859,2020-411020          ,THEFT,THEFT MOTOR VEHICLE PARTS,06/23/2020,3700 BLOCK LEGACY SQ,33613
1236861,2020-411787          ,BATTERY,BATTERY-SIMPLE,06/23/2020,14000 BLOCK HALSTEAD CT,33613
1236887,2020-410837          ,FRAUD,FRAUD-SWINDLE,06/23/2020,15300 BLOCK NEBRASKA AV N,33613
1236888,2020-410054          ,BURGLARY,THEFT FROM A VEHICLE,06/23/2020,4000 BLOCK NESTLE OAKS PL,33613
1236909,2020-411609          ,BURGLARY,THEFT FROM A VEHICLE,06/23/2020,14400 BLOCK HELLENIC DR,33613
1236941,2020-411288          ,THEFT,SHOPLIFTING,06/23/2020,13600 BLOCK UNIVERSITY PZ,33613
1236978,2020-411253          ,TRAFFIC,Property Damage,06/23/2020,SKIPPER RD  /  NEBRASKA AV N,33613
1236982,2020-1501471         ,FRAUD,FRAUD-SWINDLE,06/23/2020,1200 BLOCK TERRA MAR DR,33613
1237022,2020-413575          ,TRAFFIC,Non Incapacitating Injury,06/24/2020,22ND ST N  /  BEARSS AV E,33613
1237046,2020-412940          ,FRAUD,FRAUD-SWINDLE,06/24/2020,15300 BLOCK NEBRASKA AV N,33613
1237056,2020-413558          ,BATTERY,BATTERY-SIMPLE,06/24/2020,800 BLOCK GROVE AV E,33613
1237064,2020-412099          ,BATTERY,BATTERY-SIMPLE,06/24/2020,2400 BLOCK CEDAR TRACE CR,33613
1237118,2020-412062          ,BURGLARY,BURGLARY OTHER STRUCTURE,06/24/2020,2900 BLOCK SYCAMORE CT,33613
1237119,2020-412062          ,THEFT,THEFT VEHICLE & OTHER MOBILE,06/24/2020,2900 BLOCK SYCAMORE CT,33613
1237139,2020-412998          ,BURGLARY,THEFT FROM A VEHICLE,06/24/2020,14900 BLOCK PINECREST RD,33613
1237173,2020-412840          ,THEFT,GRAND THEFT - ALL OTHER,06/24/2020,14000 BLOCK 12TH ST N,33613
1237276,2020-414258          ,BURGLARY,THEFT FROM A VEHICLE,06/25/2020,4400 BLOCK SHADY TERRACE LN,33613
1237314,2020-415188          ,THEFT,PURSE SNATCHING,06/25/2020,13600 BLOCK UNIVERSITY PZ,33613
1237316,2020-415748          ,BATTERY,BATTERY-AGGRAVATED,06/25/2020,1500 BLOCK 138TH AV E,33613
1237325,2020-414247          ,BATTERY,BATTERY-SIMPLE,06/25/2020,100 BLOCK CONNIE AVE,33613
1237339,2020-415763          ,TRAFFIC,Property Damage,06/25/2020,1300 BLOCK COOPERS TOWN CT,33613
1237366,2020-414974          ,BURGLARY,THEFT FROM A VEHICLE,06/25/2020,14600 BLOCK BANYAN BLUFF DR,33613
1237388,2020-415153          ,MISCHIEF,CRIMINAL MISCHIEF MISDEMEANOR,06/25/2020,100 BLOCK PECOS WY,33613
1237392,2020-418012          ,TRAFFIC,Property Damage,06/26/2020,BEARSS AV E  /  LIVINGSTON AV,33559
1237426,2020-416999          ,BURGLARY,BURGLARY OTHER STRUCTURE,06/26/2020,14400 BLOCK HELLENIC DR,33613
1237469,2020-1501497         ,THEFT,SHOPLIFTING,06/26/2020,13600 BLOCK UNIVERSITY PZ,33613
1237565,2020-420291          ,FRAUD,FRAUD-SWINDLE,06/27/2020,15300 BLOCK NEBRASKA AV N,33613
1237594,2020-420177          ,FRAUD,FRAUD-SWINDLE,06/27/2020,15300 BLOCK NEBRASKA AV N,33613
1237605,2020-419636          ,BATTERY,BATTERY-SIMPLE,06/27/2020,1500 BLOCK 140TH AV E,33613
1237681,2020-420013          ,TRAFFIC,Property Damage,06/27/2020,BEARSS AV E  /  22ND ST N,33613
1237682,2020-419972          ,TRAFFIC,Property Damage,06/27/2020,LIVINGSTON AV  /  BEARSS AV E,33559
1237705,2020-420526          ,TRAFFIC,Property Damage,06/27/2020,BEARSS AV W  /  BOULEVARD N,33613
1237707,2020-420672          ,DUI,DUI (DRIVING UNDER INFLUENCE),06/27/2020,WOODLEAF WY  /  LAKE MAGDALENE BL,33613
1237726,2020-420195          ,BATTERY,BATTERY-SIMPLE,06/27/2020,15300 BLOCK NEBRASKA AV N,33613
1237727,2020-420064          ,FRAUD,FRAUD-SWINDLE,06/27/2020,15300 BLOCK NEBRASKA AV N,33613
1237765,2020-421694          ,FRAUD,FRAUD-SWINDLE,06/28/2020,15300 BLOCK NEBRASKA AV N,33613
1237776,2020-1501518         ,FRAUD,FRAUD-IMPERSONATION,06/28/2020,14400 BLOCK HELLENIC DR,33613
1237793,2020-1501602         ,FRAUD,FRAUD-CREDIT CARD,06/28/2020,14900 BLOCK BRUCE B DOWNS BL,33613
1237915,2020-423794          ,THEFT,SHOPLIFTING,06/29/2020,15300 BLOCK NEBRASKA AV N,33613
1237919,2020-423833          ,THEFT,SHOPLIFTING,06/29/2020,13600 BLOCK UNIVERSITY PZ,33613
1237983,2020-414999          ,TRAFFIC,Fatal Injury,06/29/2020,BRUCE B DOWNS BL / COVE BEND DR,33613
1237992,2020-1501524         ,MISCHIEF,CRIMINAL MISCHIEF MISDEMEANOR,06/29/2020,14300 BLOCK LUCERNE DR,33613
1238009,2020-423879          ,BATTERY,BATTERY-SIMPLE,06/29/2020,14400 BLOCK CARIBBEAN BREEZE DR,33613
1238060,2020-424287          ,BATTERY,BATTERY-SIMPLE,06/29/2020,1900 BLOCK BEARSS AV E,33613
1238061,2020-424287          ,MISCHIEF,CRIMINAL MISCHIEF MISDEMEANOR,06/29/2020,1900 BLOCK BEARSS AV E,33613
1238113,2020-426787          ,TRAFFIC,Property Damage,06/30/2020,FLETCHER AV E  /  42ND ST N,33613
1238116,2020-425442          ,TRAFFIC,Property Damage,06/30/2020,BEARSS AV E  /  22ND ST N,33613
1238188,2020-426608          ,FRAUD,FRAUD-SWINDLE,06/30/2020,15300 BLOCK NEBRASKA AV N,33613
1238196,2020-426255          ,FRAUD,FRAUD-SWINDLE,06/30/2020,14100 BLOCK MOSSY GLEN LN,33613
1238252,2020-425910          ,BATTERY,BATTERY-SIMPLE,06/30/2020,13900 BLOCK FLAME WOOD CT,33613
1238316,2020-428322          ,BATTERY,BATTERY-SIMPLE,07/01/2020,3600 BLOCK DATA DR,33613
1238328,2020-1501573         ,THEFT,SHOPLIFTING,07/01/2020,13600 BLOCK UNIVERSITY PZ,33613
1238455,2020-427234          ,TRAFFIC,Non Incapacitating Injury,07/01/2020,46TH ST N  /  SKIPPER RD,33613
1238509,2020-430133          ,TRAFFIC,Property Damage,07/02/2020,NEBRASKA AV N  /  SKIPPER RD,33613
1238510,2020-430372          ,TRAFFIC,Property Damage,07/02/2020,BRUCE B DOWNS BL  /  BEARSS AV E,33613
1238539,2020-431117          ,TRAFFIC,Non Incapacitating Injury,07/02/2020,FLORIDA AV N  /  CELESTIAL OAKS DR,33613
1238587,2020-430229          ,MISCHIEF,CRIMINAL MISCHIEF MISDEMEANOR,07/02/2020,14500 BLOCK SEAFORD CR,33613
1238590,2020-430040          ,FRAUD,FRAUD-SWINDLE,07/02/2020,15300 BLOCK NEBRASKA AV N,33613
1238632,2020-431260          ,BATTERY,BATTERY-SIMPLE,07/02/2020,14000 BLOCK NEPHI PL,33613
1238636,2020-430015          ,THEFT,PETIT THEFT - ALL OTHER,07/02/2020,13700 BLOCK SUSAN KAY DR,33613
1238691,2020-431895          ,THEFT,THEFT MOTOR VEHICLE PARTS,07/03/2020,14700 BLOCK BANYAN BLUFF DR,33613
1238705,2020-432734          ,BATTERY,BATTERY-SIMPLE,07/03/2020,1200 BLOCK 138TH AV E,33613
1238723,2020-431618          ,BATTERY,BATTERY-SIMPLE,07/03/2020,2400 BLOCK CEDAR TRACE CR,33613
1238730,2020-432011          ,THEFT,SHOPLIFTING,07/03/2020,14500 BLOCK NEBRASKA AV N,33613
1238736,2020-432264          ,BATTERY,BATTERY-SIMPLE,07/03/2020,15300 BLOCK NEBRASKA AV N,33613
1238737,2020-432264          ,FRAUD,FRAUD-SWINDLE,07/03/2020,15300 BLOCK NEBRASKA AV N,33613
1238821,2020-432825          ,TRAFFIC,Non Incapacitating Injury,07/03/2020,138TH AV E  /  NEBRASKA AV N,33613
1238853,2020-432416          ,FRAUD,FRAUD-SWINDLE,07/03/2020,15300 BLOCK NEBRASKA AV N,33613
1238934,2020-435003          ,THEFT,PURSE SNATCHING,07/04/2020,13500 BLOCK UNIVERSITY PZ,33613
1238935,2020-435003          ,MISCHIEF,CRIMINAL MISCHIEF MISDEMEANOR,07/04/2020,13500 BLOCK UNIVERSITY PZ,33613
1239039,2020-437763          ,BATTERY,BATTERY-SIMPLE,07/05/2020,14000 BLOCK NEPHI PL,33613
1239093,2020-437112          ,THEFT,THEFT MOTOR VEHICLE PARTS,07/05/2020,1300 BLOCK AUTUMN DR,33613
1239106,2020-437280          ,ROBBERY,PERSON - ROBBERY,07/05/2020,14600 BLOCK BRUCE B DOWNS BL,33613
1239164,2020-437403          ,FRAUD,FRAUD-SWINDLE,07/05/2020,15300 BLOCK NEBRASKA AV N,33613
1239219,2020-439839          ,BATTERY,BATTERY-SIMPLE,07/06/2020,14400 BLOCK CARIBBEAN BREEZE DR,33613
1239318,2020-438943          ,BATTERY,BATTERY-SIMPLE,07/06/2020,13700 BLOCK TONEY ST,33613
1239338,2020-438500          ,BATTERY,BATTERY-SIMPLE,07/06/2020,1200 BLOCK SKIPPER RD,33613
1239402,2020-441174          ,BATTERY,BATTERY-SIMPLE,07/07/2020,3600 BLOCK JEFFERSON COMMONS DR,33613
1239403,2020-440955          ,THEFT,THEFT COIN OPERATED DEVICE,07/07/2020,2400 BLOCK BEARSS AV E,33613
1239404,2020-440955          ,MISCHIEF,CRIMINAL MISCHIEF MISDEMEANOR,07/07/2020,2400 BLOCK BEARSS AV E,33613
1239527,2020-441118          ,TRAFFIC,Property Damage,07/07/2020,FLETCHER AV E  /  USF PALM DR,33613
1239539,2020-441470          ,THEFT,THEFT MOTOR VEHICLE PARTS,07/07/2020,400 BLOCK BEARSS AV E,33613
1239560,2020-441326          ,FRAUD,FRAUD-SWINDLE,07/07/2020,15300 BLOCK NEBRASKA AV N,33613
1239629,2020-444192          ,DRUGS,DRUGS/NARCOTICS,07/08/2020,1200 BLOCK 142ND AV E,33613
1239675,2020-444258          ,BATTERY,BATTERY-SIMPLE,07/08/2020,2000 BLOCK GREGORY DR,33613
1239682,2020-443951          ,FRAUD,FRAUD-SWINDLE,07/08/2020,15300 BLOCK NEBRASKA AV N,33613
1239713,2020-444478          ,ROBBERY,PERSON - ROBBERY,07/08/2020,1200 BLOCK SKIPPER RD,33613
1239732,2020-442990          ,FRAUD,FRAUD-SWINDLE,07/08/2020,4100 BLOCK FLETCHER AV E,33613
1239841,2020-445500          ,BATTERY,BATTERY-SIMPLE,07/09/2020,4200 BLOCK MONTICELLO GARDENS PL,33613
1239846,2020-446392          ,BATTERY,BATTERY-SIMPLE,07/09/2020,3100 BLOCK GRAND PAVILION DR,33613
1239858,2020-445728          ,BATTERY,BATTERY-SIMPLE,07/09/2020,1900 BLOCK 143RD AV E,33613
1239949,2020-445852          ,THEFT,SHOPLIFTING,07/09/2020,15300 BLOCK NEBRASKA AV N,33613
1239954,2020-446388          ,FRAUD,FRAUD-SWINDLE,07/09/2020,15300 BLOCK NEBRASKA AV N,33613
1239966,2020-447354          ,TRAFFIC,Property Damage,07/10/2020,BRUCE B DOWNS BL  /  BEARSS AV E,33613
1239991,2020-447734          ,FRAUD,FRAUD-IMPERSONATION,07/10/2020,14500 BLOCK FLORIDA AV N,33613
1239994,2020-447660          ,BATTERY,BATTERY-SIMPLE,07/10/2020,14800 BLOCK SWALLOWTAIL CT,33613
1239999,2020-448738          ,THEFT,SHOPLIFTING,07/10/2020,15300 BLOCK NEBRASKA AV N,33613
1240055,2020-447934          ,THEFT,THEFT MOTOR VEHICLE PARTS,07/10/2020,4500 BLOCK BLUE TEE CT,33613
1240067,2020-448937          ,BURGLARY,THEFT FROM A VEHICLE,07/10/2020,SAND LAKE CR  /  SPANISH WELLS PL,33613
1240068,2020-448937          ,MISCHIEF,CRIMINAL MISCHIEF MISDEMEANOR,07/10/2020,SAND LAKE CR  /  SPANISH WELLS PL,33613
1240090,2020-448601          ,BURGLARY,THEFT FROM A VEHICLE,07/10/2020,14200 BLOCK MONTEREY PINES DR,33613
1240092,2020-448635          ,BATTERY,BATTERY-SIMPLE,07/10/2020,700 BLOCK DEBBIE CR,33613
1240163,2020-450670          ,BURGLARY,THEFT FROM A VEHICLE,07/11/2020,3600 BLOCK DATA DR,33613
1240165,2020-450064          ,FRAUD,FRAUD-SWINDLE,07/11/2020,15300 BLOCK NEBRASKA AV N,33613
1240209,2020-450769          ,TRAFFIC,Non Incapacitating Injury,07/11/2020,BRUCE B DOWNS BL  /  138TH AV E,33613
1240384,2020-451948          ,BURGLARY,THEFT FROM A VEHICLE,07/12/2020,3700 BLOCK JEFFERSON COMMONS DR,33613
1240399,2020-453166          ,DUI,DUI (DRIVING UNDER INFLUENCE),07/12/2020,BEARSS AV E  /  30TH ST N,33613
1240409,2020-452404          ,FRAUD,FRAUD-SWINDLE,07/12/2020,15300 BLOCK NEBRASKA AV N,33613
1240425,2020-452874          ,BATTERY,BATTERY-SIMPLE,07/12/2020,13900 BLOCK SEAFORTH MANOR WY,33613
1240541,2020-454494          ,BATTERY,BATTERY-AGGRAVATED,07/13/2020,1900 BLOCK 137TH AV E,33613
1240542,2020-454494          ,MISCHIEF,CRIMINAL MISCHIEF MISDEMEANOR,07/13/2020,1900 BLOCK 137TH AV E,33613
1240548,2020-454790          ,DRUGS,DRUGS/NARCOTICS,07/13/2020,13800 BLOCK 19TH ST N,33613
1240583,2020-453764          ,TRAFFIC,Property Damage,07/13/2020,FLORIDA AV N  /  BEARSS AV E,33613
1240639,2020-457329          ,TRAFFIC,Non Incapacitating Injury,07/14/2020,BRUCE B DOWNS BL  /  COVE BEND DR,33613
1240640,2020-457645          ,TRAFFIC,Property Damage,07/14/2020,22ND ST N  /  BEARSS AV E,33613
1240653,2020-456727          ,TRAFFIC,Property Damage,07/14/2020,BRUCE B DOWNS BL  /  138TH AV E,33613
1240656,2020-456270          ,TRAFFIC,Property Damage,07/14/2020,BRUCE B DOWNS BL  /  SKIPPER RD,33613
1240658,2020-457101          ,TRAFFIC,Non Incapacitating Injury,07/14/2020,BEARSS AV E  /  22ND ST N,33613
1240676,2020-457666          ,BATTERY,BATTERY-SIMPLE,07/14/2020,3000 BLOCK BARNHARD DR,33613
1240683,2020-456277          ,THEFT,THEFT MOTOR VEHICLE PARTS,07/14/2020,1200 BLOCK SKIPPER RD,33613
1240743,2020-456977          ,BATTERY,BATTERY-SIMPLE,07/14/2020,21ST ST N  /  136TH AV E,33613
1240819,2020-457249          ,BURGLARY,THEFT FROM A VEHICLE,07/14/2020,1200 BLOCK SKIPPER RD,33613
1240828,2020-456446          ,BURGLARY,THEFT FROM A VEHICLE,07/14/2020,300 BLOCK WINDWOOD OAKS DR,33613
1240842,2020-457217          ,THEFT,PETIT THEFT - ALL OTHER,07/14/2020,14600 BLOCK GRENADINE DR,33613
1240852,2020-463092          ,BATTERY,BATTERY-SIMPLE,07/14/2020,3100 BLOCK FLETCHER AV E,33613
1240871,2020-459319          ,FRAUD,FRAUD-SWINDLE,07/15/2020,15300 BLOCK NEBRASKA AV N,33613
1240885,2020-458576          ,BATTERY,BATTERY-SIMPLE,07/15/2020,14500 BLOCK SEAFORD CR,33613
1240909,2020-458819          ,THEFT,SHOPLIFTING,07/15/2020,15300 BLOCK NEBRASKA AV N,33613
1240974,2020-458311          ,TRAFFIC,Property Damage,07/15/2020,BEARSS AV E  /  LIVINGSTON AV,33559
1241039,2020-461403          ,TRAFFIC,Property Damage,07/16/2020,BEARSS AV W  /  CRISIS CENTER PZ,33613
1241055,2020-461368          ,TRAFFIC,Non Incapacitating Injury,07/16/2020,BEARSS AV E  /  GREGORY DR,33613
1241208,2020-460544          ,BATTERY,BATTERY-SIMPLE,07/16/2020,3700 BLOCK GAZEBO POND LN,33613
1241370,2020-463930          ,TRAFFIC,Non Incapacitating Injury,07/17/2020,BEARSS AV E  /  I275 N BEARSS RP,33613
1241371,2020-462562          ,TRAFFIC,Property Damage,07/17/2020,14500 BLOCK HENSEL LN,33613
1241373,2020-462914          ,TRAFFIC,Property Damage,07/17/2020,FLETCHER AV E  /  USF MAGNOLIA DR,33613
1241376,2020-463442          ,TRAFFIC,Non Incapacitating Injury,07/17/2020,BRUCE B DOWNS BL  /  NORWOOD OAKS DR,33613
1241409,2020-464018          ,MISCHIEF,CRIMINAL MISCHIEF MISDEMEANOR,07/17/2020,1200 BLOCK AUTUMN DR,33613
1241431,2020-465882          ,TRAFFIC,Property Damage,07/18/2020,42ND ST N  /  BRUCE B DOWNS BL,33613
1241474,2020-466618          ,DRUGS,DRUGS/NARCOTICS,07/18/2020,13800 BLOCK AZALEA CR,33613
1241480,2020-465012          ,BATTERY,BATTERY-SIMPLE,07/18/2020,3700 BLOCK JEFFERSON COMMONS DR,33613
1241491,2020-466060          ,THEFT,THEFT VEHICLE & OTHER MOBILE,07/18/2020,14200 BLOCK CYBER PL,33613
1241503,2020-465734          ,FRAUD,FRAUD-SWINDLE,07/18/2020,15300 BLOCK NEBRASKA AV N,33613
1241507,2020-466166          ,ASSAULT,AGGRAVATED ASSAULT,07/18/2020,13700 BLOCK 19TH ST N,33613
1241531,2020-465892          ,THEFT,SHOPLIFTING,07/18/2020,15300 BLOCK NEBRASKA AV N,33613
1241562,2020-467742          ,FRAUD,FRAUD-SWINDLE,07/19/2020,15300 BLOCK NEBRASKA AV N,33613
1241566,2020-468034          ,BATTERY,BATTERY-SIMPLE,07/19/2020,4200 BLOCK MONTICELLO GARDENS PL,33613
1241591,2020-467494          ,BURGLARY,BURGLARY RESIDENCE / FORCED,07/19/2020,200 BLOCK SUN TR,33613
1241673,2020-468211          ,TRAFFIC,Property Damage,07/19/2020,138TH AV E  /  37TH ST N,33613
1241682,2020-467914          ,TRAFFIC,Property Damage,07/19/2020,BEARSS AV E  /  PRISM CR,33613
1241691,2020-468497          ,BATTERY,BATTERY-AGGRAVATED,07/19/2020,14300 BLOCK LUCERNE DR,33613
1241706,2020-466973          ,THEFT,SHOPLIFTING,07/19/2020,14500 BLOCK NEBRASKA AV N,33613
1241735,2020-470417          ,TRAFFIC,Property Damage,07/20/2020,FLETCHER AV E  /  46TH ST N,33613
1241752,2020-469100          ,MISCHIEF,CRIMINAL MISCHIEF FELONY,07/20/2020,1800 BLOCK BEARSS AV E,33613
1241760,2020-469761          ,THEFT,SHOPLIFTING,07/20/2020,15300 BLOCK NEBRASKA AV N,33613
1241787,2020-469408          ,THEFT,THEFT VEHICLE & OTHER MOBILE,07/20/2020,2900 BLOCK SYCAMORE CT,33613
1241795,2020-470374          ,MISCHIEF,CRIMINAL MISCHIEF MISDEMEANOR,07/20/2020,1200 BLOCK FOUR SEASONS BL,33613
1241804,2020-468683          ,BATTERY,BATTERY-AGGRAVATED,07/20/2020,13800 BLOCK 19TH ST N,33613
1241907,2020-471979          ,BATTERY,BATTERY-SIMPLE,07/21/2020,14200 BLOCK CYBER PL,33613
1241942,2020-470956          ,THEFT,THEFT MOTOR VEHICLE PARTS,07/21/2020,13800 BLOCK AZALEA CR,33613
1241953,2020-471499          ,BATTERY,BATTERY-SIMPLE,07/21/2020,3100 BLOCK FLETCHER AV E,33613
1241961,2020-470710          ,DUI,DUI (DRIVING UNDER INFLUENCE),07/21/2020,14500 BLOCK PRISM CR,33613
1241981,2020-471955          ,ROBBERY,PERSON - ROBBERY,07/21/2020,14000 BLOCK 22ND ST N,33613
1241988,2020-472405          ,THEFT,THEFT MOTOR VEHICLE PARTS,07/21/2020,100 BLOCK 143RD AV E,33613
1241993,2020-472499          ,THEFT,THEFT MOTOR VEHICLE PARTS,07/21/2020,3500 BLOCK JEFFERSON COMMONS DR,33613
1242046,2020-471338          ,FRAUD,FRAUD-SWINDLE,07/21/2020,15300 BLOCK NEBRASKA AV N,33613
1242065,2020-472626          ,ASSAULT,AGGRAVATED ASSAULT,07/21/2020,14500 BLOCK SEAFORD CR,33613
1242083,2020-474181          ,TRAFFIC,Property Damage,07/22/2020,BEARSS AV E  /  NEBRASKA AV N,33549
1242090,2020-474622          ,TRAFFIC,Non Incapacitating Injury,07/22/2020,15300 BLOCK NEBRASKA AV N,33613
1242157,2020-474787          ,FRAUD,FRAUD-SWINDLE,07/22/2020,14400 BLOCK HANGING MOSS CR,33613
1242201,2020-473739          ,ROBBERY,PERSON - ROBBERY,07/22/2020,13700 BLOCK SPANISH WELLS PL,33613
1242228,2020-473010          ,MISCHIEF,CRIMINAL MISCHIEF MISDEMEANOR,07/22/2020,13700 BLOCK 19TH ST N,33613
1242243,2020-476255          ,DRUGS,DRUGS/NARCOTICS,07/23/2020,138TH AV E  /  19TH ST N,33613
1242355,2020-476161          ,TRAFFIC,Property Damage,07/23/2020,22ND ST N  /  140TH AV E,33613
1242436,2020-477458          ,TRAFFIC,Non Incapacitating Injury,07/24/2020,BRUCE B DOWNS BL  /  37TH ST N,33613
1242441,2020-478833          ,TRAFFIC,Property Damage,07/24/2020,BEARSS AV E  /  NEBRASKA AV N,33549
1242473,2020-479209          ,DRUGS,DRUGS/NARCOTICS,07/24/2020,14100 BLOCK 20TH ST N,33613
1242509,2020-478202          ,THEFT,SHOPLIFTING,07/24/2020,15300 BLOCK NEBRASKA AV N,33613
1242575,2020-477394          ,THEFT,SHOPLIFTING,07/24/2020,14500 BLOCK NEBRASKA AV N,33613
1242578,2020-479294          ,ASSAULT,AGGRAVATED ASSAULT,07/24/2020,1500 BLOCK 138TH AV E,33613
1242620,2020-480375          ,DRUGS,DRUGS/NARCOTICS,07/25/2020,136TH AV E  /  19TH ST N,33613
1242672,2020-480848          ,TRAFFIC,Property Damage,07/25/2020,BRUCE B DOWNS BL  /  SKIPPER RD,33613
1242737,2020-480720          ,FRAUD,FRAUD-SWINDLE,07/25/2020,15300 BLOCK NEBRASKA AV N,33613
1242785,2020-482391          ,THEFT,SHOPLIFTING,07/26/2020,14500 BLOCK NEBRASKA AV N,33613
1242867,2020-482336          ,FRAUD,FRAUD-SWINDLE,07/26/2020,15300 BLOCK NEBRASKA AV N,33613
1242891,2020-483816          ,MISCHIEF,CRIMINAL MISCHIEF MISDEMEANOR,07/27/2020,13700 BLOCK 19TH ST N,33613
1242911,2020-485099          ,BATTERY,BATTERY-SIMPLE,07/27/2020,2300 BLOCK CEDAR TRACE CR,33613
1242931,2020-483809          ,MISCHIEF,CRIMINAL MISCHIEF MISDEMEANOR,07/27/2020,4100 BLOCK ILIAD CT,33613
1242962,2020-483779          ,FRAUD,FRAUD-OTHER,07/27/2020,4000 BLOCK FLETCHER AV E,33613
1242963,2020-485128          ,TRAFFIC,Property Damage,07/27/2020,BRUCE B DOWNS BL  /  NORWOOD OAKS DR,33613
1242995,2020-484680          ,THEFT,SHOPLIFTING,07/27/2020,15300 BLOCK NEBRASKA AV N,33613
1243017,2020-483776          ,TRAFFIC,Property Damage,07/27/2020,BEARSS AV E  /  LIVINGSTON AV,33559
1243087,2020-487480          ,TRAFFIC,Property Damage,07/28/2020,BEARSS AV E  /  BRUCE B DOWNS BL,33613
1243090,2020-485835          ,TRAFFIC,Property Damage,07/28/2020,BRUCE B DOWNS BL  /  BEARSS AV E,33613
1243100,2020-485888          ,THEFT,SHOPLIFTING,07/28/2020,13600 BLOCK UNIVERSITY PZ,33613
1243110,2020-486135          ,BURGLARY,THEFT FROM A VEHICLE,07/28/2020,3500 BLOCK JEFFERSON COMMONS DR,33613
1243144,2020-486614          ,MISCHIEF,CRIMINAL MISCHIEF MISDEMEANOR,07/28/2020,3900 BLOCK ROCKY CR,33613
1243173,2020-486772          ,THEFT,THEFT MOTOR VEHICLE PARTS,07/28/2020,1500 BLOCK SKIPPER RD,33613
1243176,2020-485949          ,FRAUD,FRAUD-CREDIT CARD,07/28/2020,13600 BLOCK UNIVERSITY PZ,33613
1243178,2020-486951          ,BURGLARY,BURGLARY RESIDENCE / FORCED,07/28/2020,300 BLOCK WINDWOOD OAKS DR,33613
1243179,2020-486951          ,MISCHIEF,CRIMINAL MISCHIEF MISDEMEANOR,07/28/2020,300 BLOCK WINDWOOD OAKS DR,33613
1243265,2020-487548          ,DUI,DUI (DRIVING UNDER INFLUENCE),07/28/2020,BEARSS AV E  /  BRUCE B DOWNS BL,33613
1243303,2020-488167          ,FRAUD,FRAUD-SWINDLE,07/29/2020,14000 BLOCK NORTHTOWNE CT,33613
1243313,2020-488768          ,FRAUD,FRAUD-SWINDLE,07/29/2020,15300 BLOCK NEBRASKA AV N,33613
1243335,2020-489338          ,TRAFFIC,Non Incapacitating Injury,07/29/2020,BEARSS AV E  /  LIVINGSTON AV,33559
1243336,2020-489671          ,TRAFFIC,Property Damage,07/29/2020,139TH AV E  /  15TH ST N,33613
1243362,2020-488709          ,MISCHIEF,CRIMINAL MISCHIEF MISDEMEANOR,07/29/2020,14400 BLOCK HELLENIC DR,33613
1243389,2020-489773          ,DUI,DUI (DRIVING UNDER INFLUENCE),07/29/2020,1200 BLOCK 142ND AV E,33613
1243415,2020-489740          ,BATTERY,BATTERY-SIMPLE,07/29/2020,14500 BLOCK HENSEL LN,33613
1243416,2020-489714          ,BATTERY,BATTERY-SIMPLE,07/29/2020,14500 BLOCK HENSEL LN,33613
1243431,2020-1501941         ,FRAUD,FRAUD-IMPERSONATION,07/29/2020,1200 BLOCK SKIPPER RD,33613
1243432,2020-1501992         ,FRAUD,FRAUD-IMPERSONATION,07/29/2020,14500 BLOCK SEAFORD CR,33613
1243455,2020-490670          ,BATTERY,BATTERY-SIMPLE,07/30/2020,1200 BLOCK SAND LAKE CR,33613
1243456,2020-490670          ,MISCHIEF,CRIMINAL MISCHIEF MISDEMEANOR,07/30/2020,1200 BLOCK SAND LAKE CR,33613
1243551,2020-490612          ,TRAFFIC,Property Damage,07/30/2020,LUCERNE DR  /  143RD AV E,33613
1243638,2020-493595          ,DRUGS,DRUGS/NARCOTICS,07/31/2020,BRUCE B DOWNS BL  /  138TH AV E,33613
1243652,2020-492166          ,THEFT,SHOPLIFTING,07/31/2020,14500 BLOCK NEBRASKA AV N,33613
1243696,2020-493540          ,TRAFFIC,Non Incapacitating Injury,07/31/2020,BRUCE B DOWNS BL  /  138TH AV E,33613
1243764,2020-492775          ,FRAUD,FRAUD-SWINDLE,07/31/2020,15300 BLOCK NEBRASKA AV N,33613
